{
  "countries": {
    "AD": {
      "name": "Andorra",
      "native": "Andorra",
      "phone": "376",
      "continent": "EU",
      "capital": "Andorra la Vella",
      "currency": "EUR",
      "languages": "ca",
      "googleHolidaysCalendarId": "{{ locale }}.ad#holiday@group.v.calendar.google.com"
    },
    "AE": {
      "name": "United Arab Emirates",
      "native": "دولة الإمارات العربية المتحدة",
      "phone": "971",
      "continent": "AS",
      "capital": "Abu Dhabi",
      "currency": "AED",
      "languages": "ar",
      "googleHolidaysCalendarId": "{{ locale }}.ae#holiday@group.v.calendar.google.com"
    },
    "AF": {
      "name": "Afghanistan",
      "native": "افغانستان",
      "phone": "93",
      "continent": "AS",
      "capital": "Kabul",
      "currency": "AFN",
      "languages": "ps,uz,tk",
      "googleHolidaysCalendarId": "{{ locale }}.af#holiday@group.v.calendar.google.com"
    },
    "AG": {
      "name": "Antigua and Barbuda",
      "native": "Antigua and Barbuda",
      "phone": "1268",
      "continent": "NA",
      "capital": "Saint John's",
      "currency": "XCD",
      "languages": "en",
      "googleHolidaysCalendarId": "{{ locale }}.ag#holiday@group.v.calendar.google.com"
    },
    "AI": {
      "name": "Anguilla",
      "native": "Anguilla",
      "phone": "1264",
      "continent": "NA",
      "capital": "The Valley",
      "currency": "XCD",
      "languages": "en",
      "googleHolidaysCalendarId": "{{ locale }}.ai#holiday@group.v.calendar.google.com"
    },
    "AL": {
      "name": "Albania",
      "native": "Shqipëria",
      "phone": "355",
      "continent": "EU",
      "capital": "Tirana",
      "currency": "ALL",
      "languages": "sq",
      "googleHolidaysCalendarId": "{{ locale }}.al#holiday@group.v.calendar.google.com"
    },
    "AM": {
      "name": "Armenia",
      "native": "Հայաստան",
      "phone": "374",
      "continent": "AS",
      "capital": "Yerevan",
      "currency": "AMD",
      "languages": "hy,ru",
      "googleHolidaysCalendarId": "{{ locale }}.am#holiday@group.v.calendar.google.com"
    },
    "AO": {
      "name": "Angola",
      "native": "Angola",
      "phone": "244",
      "continent": "AF",
      "capital": "Luanda",
      "currency": "AOA",
      "languages": "pt",
      "googleHolidaysCalendarId": "{{ locale }}.ao#holiday@group.v.calendar.google.com"
    },
    "AQ": {
      "name": "Antarctica",
      "native": "Antarctica",
      "phone": "",
      "continent": "AN",
      "capital": "",
      "currency": "",
      "languages": ""
    },
    "AR": {
      "name": "Argentina",
      "native": "Argentina",
      "phone": "54",
      "continent": "SA",
      "capital": "Buenos Aires",
      "currency": "ARS",
      "languages": "es,gn",
      "googleHolidaysCalendarId": "{{ locale }}.ar#holiday@group.v.calendar.google.com"
    },
    "AS": {
      "name": "American Samoa",
      "native": "American Samoa",
      "phone": "1684",
      "continent": "OC",
      "capital": "Pago Pago",
      "currency": "USD",
      "languages": "en,sm",
      "googleHolidaysCalendarId": "{{ locale }}.as#holiday@group.v.calendar.google.com"
    },
    "AT": {
      "name": "Austria",
      "native": "Österreich",
      "phone": "43",
      "continent": "EU",
      "capital": "Vienna",
      "currency": "EUR",
      "languages": "de",
      "googleHolidaysCalendarId": "{{ locale }}.austrian#holiday@group.v.calendar.google.com"
    },
    "AU": {
      "name": "Australia",
      "native": "Australia",
      "phone": "61",
      "continent": "OC",
      "capital": "Canberra",
      "currency": "AUD",
      "languages": "en",
      "googleHolidaysCalendarId": "{{ locale }}.australian#holiday@group.v.calendar.google.com"
    },
    "AW": {
      "name": "Aruba",
      "native": "Aruba",
      "phone": "297",
      "continent": "NA",
      "capital": "Oranjestad",
      "currency": "AWG",
      "languages": "nl,pa",
      "googleHolidaysCalendarId": "{{ locale }}.aw#holiday@group.v.calendar.google.com"
    },
    "AX": {
      "name": "Åland",
      "native": "Åland",
      "phone": "358",
      "continent": "EU",
      "capital": "Mariehamn",
      "currency": "EUR",
      "languages": "sv"
    },
    "AZ": {
      "name": "Azerbaijan",
      "native": "Azərbaycan",
      "phone": "994",
      "continent": "AS",
      "capital": "Baku",
      "currency": "AZN",
      "languages": "az,hy",
      "googleHolidaysCalendarId": "{{ locale }}.az#holiday@group.v.calendar.google.com"
    },
    "BA": {
      "name": "Bosnia and Herzegovina",
      "native": "Bosna i Hercegovina",
      "phone": "387",
      "continent": "EU",
      "capital": "Sarajevo",
      "currency": "BAM",
      "languages": "bs,hr,sr",
      "googleHolidaysCalendarId": "{{ locale }}.ba#holiday@group.v.calendar.google.com"
    },
    "BB": {
      "name": "Barbados",
      "native": "Barbados",
      "phone": "1246",
      "continent": "NA",
      "capital": "Bridgetown",
      "currency": "BBD",
      "languages": "en",
      "googleHolidaysCalendarId": "{{ locale }}.bb#holiday@group.v.calendar.google.com"
    },
    "BD": {
      "name": "Bangladesh",
      "native": "Bangladesh",
      "phone": "880",
      "continent": "AS",
      "capital": "Dhaka",
      "currency": "BDT",
      "languages": "bn",
      "googleHolidaysCalendarId": "{{ locale }}.bd#holiday@group.v.calendar.google.com"
    },
    "BE": {
      "name": "Belgium",
      "native": "België",
      "phone": "32",
      "continent": "EU",
      "capital": "Brussels",
      "currency": "EUR",
      "languages": "nl,fr,de",
      "googleHolidaysCalendarId": "{{ locale }}.be#holiday@group.v.calendar.google.com"
    },
    "BF": {
      "name": "Burkina Faso",
      "native": "Burkina Faso",
      "phone": "226",
      "continent": "AF",
      "capital": "Ouagadougou",
      "currency": "XOF",
      "languages": "fr,ff",
      "googleHolidaysCalendarId": "{{ locale }}.bf#holiday@group.v.calendar.google.com"
    },
    "BG": {
      "name": "Bulgaria",
      "native": "България",
      "phone": "359",
      "continent": "EU",
      "capital": "Sofia",
      "currency": "BGN",
      "languages": "bg",
      "googleHolidaysCalendarId": "{{ locale }}.bulgarian#holiday@group.v.calendar.google.com"
    },
    "BH": {
      "name": "Bahrain",
      "native": "‏البحرين",
      "phone": "973",
      "continent": "AS",
      "capital": "Manama",
      "currency": "BHD",
      "languages": "ar",
      "googleHolidaysCalendarId": "{{ locale }}.bh#holiday@group.v.calendar.google.com"
    },
    "BI": {
      "name": "Burundi",
      "native": "Burundi",
      "phone": "257",
      "continent": "AF",
      "capital": "Bujumbura",
      "currency": "BIF",
      "languages": "fr,rn",
      "googleHolidaysCalendarId": "{{ locale }}.bi#holiday@group.v.calendar.google.com"
    },
    "BJ": {
      "name": "Benin",
      "native": "Bénin",
      "phone": "229",
      "continent": "AF",
      "capital": "Porto-Novo",
      "currency": "XOF",
      "languages": "fr",
      "googleHolidaysCalendarId": "{{ locale }}.bj#holiday@group.v.calendar.google.com"
    },
    "BL": {
      "name": "Saint Barthélemy",
      "native": "Saint-Barthélemy",
      "phone": "590",
      "continent": "NA",
      "capital": "Gustavia",
      "currency": "EUR",
      "languages": "fr",
      "googleHolidaysCalendarId": "{{ locale }}.bl#holiday@group.v.calendar.google.com"
    },
    "BM": {
      "name": "Bermuda",
      "native": "Bermuda",
      "phone": "1441",
      "continent": "NA",
      "capital": "Hamilton",
      "currency": "BMD",
      "languages": "en",
      "googleHolidaysCalendarId": "{{ locale }}.bm#holiday@group.v.calendar.google.com"
    },
    "BN": {
      "name": "Brunei",
      "native": "Negara Brunei Darussalam",
      "phone": "673",
      "continent": "AS",
      "capital": "Bandar Seri Begawan",
      "currency": "BND",
      "languages": "ms",
      "googleHolidaysCalendarId": "{{ locale }}.bn#holiday@group.v.calendar.google.com"
    },
    "BO": {
      "name": "Bolivia",
      "native": "Bolivia",
      "phone": "591",
      "continent": "SA",
      "capital": "Sucre",
      "currency": "BOB,BOV",
      "languages": "es,ay,qu",
      "googleHolidaysCalendarId": "{{ locale }}.bo#holiday@group.v.calendar.google.com"
    },
    "BQ": {
      "name": "Bonaire",
      "native": "Bonaire",
      "phone": "5997",
      "continent": "NA",
      "capital": "Kralendijk",
      "currency": "USD",
      "languages": "nl"
    },
    "BR": {
      "name": "Brazil",
      "native": "Brasil",
      "phone": "55",
      "continent": "SA",
      "capital": "Brasília",
      "currency": "BRL",
      "languages": "pt",
      "googleHolidaysCalendarId": "{{ locale }}.brazilian#holiday@group.v.calendar.google.com"
    },
    "BS": {
      "name": "Bahamas",
      "native": "Bahamas",
      "phone": "1242",
      "continent": "NA",
      "capital": "Nassau",
      "currency": "BSD",
      "languages": "en",
      "googleHolidaysCalendarId": "{{ locale }}.bs#holiday@group.v.calendar.google.com"
    },
    "BT": {
      "name": "Bhutan",
      "native": "ʼbrug-yul",
      "phone": "975",
      "continent": "AS",
      "capital": "Thimphu",
      "currency": "BTN,INR",
      "languages": "dz",
      "googleHolidaysCalendarId": "{{ locale }}.bt#holiday@group.v.calendar.google.com"
    },
    "BV": {
      "name": "Bouvet Island",
      "native": "Bouvetøya",
      "phone": "",
      "continent": "AN",
      "capital": "",
      "currency": "NOK",
      "languages": ""
    },
    "BW": {
      "name": "Botswana",
      "native": "Botswana",
      "phone": "267",
      "continent": "AF",
      "capital": "Gaborone",
      "currency": "BWP",
      "languages": "en,tn",
      "googleHolidaysCalendarId": "{{ locale }}.bw#holiday@group.v.calendar.google.com"
    },
    "BY": {
      "name": "Belarus",
      "native": "Белару́сь",
      "phone": "375",
      "continent": "EU",
      "capital": "Minsk",
      "currency": "BYR",
      "languages": "be,ru",
      "googleHolidaysCalendarId": "{{ locale }}.by#holiday@group.v.calendar.google.com"
    },
    "BZ": {
      "name": "Belize",
      "native": "Belize",
      "phone": "501",
      "continent": "NA",
      "capital": "Belmopan",
      "currency": "BZD",
      "languages": "en,es",
      "googleHolidaysCalendarId": "{{ locale }}.bz#holiday@group.v.calendar.google.com"
    },
    "CA": {
      "name": "Canada",
      "native": "Canada",
      "phone": "1",
      "continent": "NA",
      "capital": "Ottawa",
      "currency": "CAD",
      "languages": "en,fr",
      "googleHolidaysCalendarId": "{{ locale }}.canadian#holiday@group.v.calendar.google.com"
    },
    "CC": {
      "name": "Cocos [Keeling] Islands",
      "native": "Cocos (Keeling) Islands",
      "phone": "61",
      "continent": "AS",
      "capital": "West Island",
      "currency": "AUD",
      "languages": "en"
    },
    "CD": {
      "name": "Democratic Republic of the Congo",
      "native": "République démocratique du Congo",
      "phone": "243",
      "continent": "AF",
      "capital": "Kinshasa",
      "currency": "CDF",
      "languages": "fr,ln,kg,sw,lu",
      "googleHolidaysCalendarId": "{{ locale }}.cd#holiday@group.v.calendar.google.com"
    },
    "CF": {
      "name": "Central African Republic",
      "native": "Ködörösêse tî Bêafrîka",
      "phone": "236",
      "continent": "AF",
      "capital": "Bangui",
      "currency": "XAF",
      "languages": "fr,sg",
      "googleHolidaysCalendarId": "{{ locale }}.cf#holiday@group.v.calendar.google.com"
    },
    "CG": {
      "name": "Republic of the Congo",
      "native": "République du Congo",
      "phone": "242",
      "continent": "AF",
      "capital": "Brazzaville",
      "currency": "XAF",
      "languages": "fr,ln",
      "googleHolidaysCalendarId": "{{ locale }}.cg#holiday@group.v.calendar.google.com"
    },
    "CH": {
      "name": "Switzerland",
      "native": "Schweiz",
      "phone": "41",
      "continent": "EU",
      "capital": "Bern",
      "currency": "CHE,CHF,CHW",
      "languages": "de,fr,it",
      "googleHolidaysCalendarId": "{{ locale }}.ch#holiday@group.v.calendar.google.com"
    },
    "CI": {
      "name": "Ivory Coast",
      "native": "Côte d'Ivoire",
      "phone": "225",
      "continent": "AF",
      "capital": "Yamoussoukro",
      "currency": "XOF",
      "languages": "fr",
      "googleHolidaysCalendarId": "{{ locale }}.ci#holiday@group.v.calendar.google.com"
    },
    "CK": {
      "name": "Cook Islands",
      "native": "Cook Islands",
      "phone": "682",
      "continent": "OC",
      "capital": "Avarua",
      "currency": "NZD",
      "languages": "en",
      "googleHolidaysCalendarId": "{{ locale }}.ck#holiday@group.v.calendar.google.com"
    },
    "CL": {
      "name": "Chile",
      "native": "Chile",
      "phone": "56",
      "continent": "SA",
      "capital": "Santiago",
      "currency": "CLF,CLP",
      "languages": "es",
      "googleHolidaysCalendarId": "{{ locale }}.cl#holiday@group.v.calendar.google.com"
    },
    "CM": {
      "name": "Cameroon",
      "native": "Cameroon",
      "phone": "237",
      "continent": "AF",
      "capital": "Yaoundé",
      "currency": "XAF",
      "languages": "en,fr",
      "googleHolidaysCalendarId": "{{ locale }}.cm#holiday@group.v.calendar.google.com"
    },
    "CN": {
      "name": "China",
      "native": "中国",
      "phone": "86",
      "continent": "AS",
      "capital": "Beijing",
      "currency": "CNY",
      "languages": "zh",
      "googleHolidaysCalendarId": "{{ locale }}.china#holiday@group.v.calendar.google.com"
    },
    "CO": {
      "name": "Colombia",
      "native": "Colombia",
      "phone": "57",
      "continent": "SA",
      "capital": "Bogotá",
      "currency": "COP",
      "languages": "es",
      "googleHolidaysCalendarId": "{{ locale }}.co#holiday@group.v.calendar.google.com"
    },
    "CR": {
      "name": "Costa Rica",
      "native": "Costa Rica",
      "phone": "506",
      "continent": "NA",
      "capital": "San José",
      "currency": "CRC",
      "languages": "es",
      "googleHolidaysCalendarId": "{{ locale }}.cr#holiday@group.v.calendar.google.com"
    },
    "CU": {
      "name": "Cuba",
      "native": "Cuba",
      "phone": "53",
      "continent": "NA",
      "capital": "Havana",
      "currency": "CUC,CUP",
      "languages": "es",
      "googleHolidaysCalendarId": "{{ locale }}.cu#holiday@group.v.calendar.google.com"
    },
    "CV": {
      "name": "Cape Verde",
      "native": "Cabo Verde",
      "phone": "238",
      "continent": "AF",
      "capital": "Praia",
      "currency": "CVE",
      "languages": "pt",
      "googleHolidaysCalendarId": "{{ locale }}.cv#holiday@group.v.calendar.google.com"
    },
    "CW": {
      "name": "Curacao",
      "native": "Curaçao",
      "phone": "5999",
      "continent": "NA",
      "capital": "Willemstad",
      "currency": "ANG",
      "languages": "nl,pa,en",
      "googleHolidaysCalendarId": "{{ locale }}.cw#holiday@group.v.calendar.google.com"
    },
    "CX": {
      "name": "Christmas Island",
      "native": "Christmas Island",
      "phone": "61",
      "continent": "AS",
      "capital": "Flying Fish Cove",
      "currency": "AUD",
      "languages": "en"
    },
    "CY": {
      "name": "Cyprus",
      "native": "Κύπρος",
      "phone": "357",
      "continent": "EU",
      "capital": "Nicosia",
      "currency": "EUR",
      "languages": "el,tr,hy",
      "googleHolidaysCalendarId": "{{ locale }}.cy#holiday@group.v.calendar.google.com"
    },
    "CZ": {
      "name": "Czech Republic",
      "native": "Česká republika",
      "phone": "420",
      "continent": "EU",
      "capital": "Prague",
      "currency": "CZK",
      "languages": "cs,sk",
      "googleHolidaysCalendarId": "{{ locale }}.czech#holiday@group.v.calendar.google.com"
    },
    "DE": {
      "name": "Germany",
      "native": "Deutschland",
      "phone": "49",
      "continent": "EU",
      "capital": "Berlin",
      "currency": "EUR",
      "languages": "de",
      "googleHolidaysCalendarId": "{{ locale }}.german#holiday@group.v.calendar.google.com"
    },
    "DJ": {
      "name": "Djibouti",
      "native": "Djibouti",
      "phone": "253",
      "continent": "AF",
      "capital": "Djibouti",
      "currency": "DJF",
      "languages": "fr,ar",
      "googleHolidaysCalendarId": "{{ locale }}.dj#holiday@group.v.calendar.google.com"
    },
    "DK": {
      "name": "Denmark",
      "native": "Danmark",
      "phone": "45",
      "continent": "EU",
      "capital": "Copenhagen",
      "currency": "DKK",
      "languages": "da",
      "googleHolidaysCalendarId": "{{ locale }}.danish#holiday@group.v.calendar.google.com"
    },
    "DM": {
      "name": "Dominica",
      "native": "Dominica",
      "phone": "1767",
      "continent": "NA",
      "capital": "Roseau",
      "currency": "XCD",
      "languages": "en",
      "googleHolidaysCalendarId": "{{ locale }}.dm#holiday@group.v.calendar.google.com"
    },
    "DO": {
      "name": "Dominican Republic",
      "native": "República Dominicana",
      "phone": "1809,1829,1849",
      "continent": "NA",
      "capital": "Santo Domingo",
      "currency": "DOP",
      "languages": "es",
      "googleHolidaysCalendarId": "{{ locale }}.do#holiday@group.v.calendar.google.com"
    },
    "DZ": {
      "name": "Algeria",
      "native": "الجزائر",
      "phone": "213",
      "continent": "AF",
      "capital": "Algiers",
      "currency": "DZD",
      "languages": "ar",
      "googleHolidaysCalendarId": "{{ locale }}.dz#holiday@group.v.calendar.google.com"
    },
    "EC": {
      "name": "Ecuador",
      "native": "Ecuador",
      "phone": "593",
      "continent": "SA",
      "capital": "Quito",
      "currency": "USD",
      "languages": "es",
      "googleHolidaysCalendarId": "{{ locale }}.ec#holiday@group.v.calendar.google.com"
    },
    "EE": {
      "name": "Estonia",
      "native": "Eesti",
      "phone": "372",
      "continent": "EU",
      "capital": "Tallinn",
      "currency": "EUR",
      "languages": "et",
      "googleHolidaysCalendarId": "{{ locale }}.ee#holiday@group.v.calendar.google.com"
    },
    "EG": {
      "name": "Egypt",
      "native": "مصر‎",
      "phone": "20",
      "continent": "AF",
      "capital": "Cairo",
      "currency": "EGP",
      "languages": "ar",
      "googleHolidaysCalendarId": "{{ locale }}.eg#holiday@group.v.calendar.google.com"
    },
    "EH": {
      "name": "Western Sahara",
      "native": "الصحراء الغربية",
      "phone": "212",
      "continent": "AF",
      "capital": "El Aaiún",
      "currency": "MAD,DZD,MRO",
      "languages": "es"
    },
    "ER": {
      "name": "Eritrea",
      "native": "ኤርትራ",
      "phone": "291",
      "continent": "AF",
      "capital": "Asmara",
      "currency": "ERN",
      "languages": "ti,ar,en",
      "googleHolidaysCalendarId": "{{ locale }}.er#holiday@group.v.calendar.google.com"
    },
    "ES": {
      "name": "Spain",
      "native": "España",
      "phone": "34",
      "continent": "EU",
      "capital": "Madrid",
      "currency": "EUR",
      "languages": "es,eu,ca,gl,oc",
      "googleHolidaysCalendarId": "{{ locale }}.spain#holiday@group.v.calendar.google.com"
    },
    "ET": {
      "name": "Ethiopia",
      "native": "ኢትዮጵያ",
      "phone": "251",
      "continent": "AF",
      "capital": "Addis Ababa",
      "currency": "ETB",
      "languages": "am",
      "googleHolidaysCalendarId": "{{ locale }}.et#holiday@group.v.calendar.google.com"
    },
    "FI": {
      "name": "Finland",
      "native": "Suomi",
      "phone": "358",
      "continent": "EU",
      "capital": "Helsinki",
      "currency": "EUR",
      "languages": "fi,sv",
      "googleHolidaysCalendarId": "{{ locale }}.finnish#holiday@group.v.calendar.google.com"
    },
    "FJ": {
      "name": "Fiji",
      "native": "Fiji",
      "phone": "679",
      "continent": "OC",
      "capital": "Suva",
      "currency": "FJD",
      "languages": "en,fj,hi,ur",
      "googleHolidaysCalendarId": "{{ locale }}.fj#holiday@group.v.calendar.google.com"
    },
    "FK": {
      "name": "Falkland Islands",
      "native": "Falkland Islands",
      "phone": "500",
      "continent": "SA",
      "capital": "Stanley",
      "currency": "FKP",
      "languages": "en",
      "googleHolidaysCalendarId": "{{ locale }}.fk#holiday@group.v.calendar.google.com"
    },
    "FM": {
      "name": "Micronesia",
      "native": "Micronesia",
      "phone": "691",
      "continent": "OC",
      "capital": "Palikir",
      "currency": "USD",
      "languages": "en",
      "googleHolidaysCalendarId": "{{ locale }}.fm#holiday@group.v.calendar.google.com"
    },
    "FO": {
      "name": "Faroe Islands",
      "native": "Føroyar",
      "phone": "298",
      "continent": "EU",
      "capital": "Tórshavn",
      "currency": "DKK",
      "languages": "fo",
      "googleHolidaysCalendarId": "{{ locale }}.fo#holiday@group.v.calendar.google.com"
    },
    "FR": {
      "name": "France",
      "native": "France",
      "phone": "33",
      "continent": "EU",
      "capital": "Paris",
      "currency": "EUR",
      "languages": "fr",
      "googleHolidaysCalendarId": "{{ locale }}.french#holiday@group.v.calendar.google.com"
    },
    "GA": {
      "name": "Gabon",
      "native": "Gabon",
      "phone": "241",
      "continent": "AF",
      "capital": "Libreville",
      "currency": "XAF",
      "languages": "fr",
      "googleHolidaysCalendarId": "{{ locale }}.ga#holiday@group.v.calendar.google.com"
    },
    "GB": {
      "name": "United Kingdom",
      "native": "United Kingdom",
      "phone": "44",
      "continent": "EU",
      "capital": "London",
      "currency": "GBP",
      "languages": "en",
      "googleHolidaysCalendarId": "{{ locale }}.uk#holiday@group.v.calendar.google.com"
    },
    "GD": {
      "name": "Grenada",
      "native": "Grenada",
      "phone": "1473",
      "continent": "NA",
      "capital": "St. George's",
      "currency": "XCD",
      "languages": "en",
      "googleHolidaysCalendarId": "{{ locale }}.gd#holiday@group.v.calendar.google.com"
    },
    "GE": {
      "name": "Georgia",
      "native": "საქართველო",
      "phone": "995",
      "continent": "AS",
      "capital": "Tbilisi",
      "currency": "GEL",
      "languages": "ka",
      "googleHolidaysCalendarId": "{{ locale }}.ge#holiday@group.v.calendar.google.com"
    },
    "GF": {
      "name": "French Guiana",
      "native": "Guyane française",
      "phone": "594",
      "continent": "SA",
      "capital": "Cayenne",
      "currency": "EUR",
      "languages": "fr"
    },
    "GG": {
      "name": "Guernsey",
      "native": "Guernsey",
      "phone": "44",
      "continent": "EU",
      "capital": "St. Peter Port",
      "currency": "GBP",
      "languages": "en,fr",
      "googleHolidaysCalendarId": "{{ locale }}.gg#holiday@group.v.calendar.google.com"
    },
    "GH": {
      "name": "Ghana",
      "native": "Ghana",
      "phone": "233",
      "continent": "AF",
      "capital": "Accra",
      "currency": "GHS",
      "languages": "en",
      "googleHolidaysCalendarId": "{{ locale }}.gh#holiday@group.v.calendar.google.com"
    },
    "GI": {
      "name": "Gibraltar",
      "native": "Gibraltar",
      "phone": "350",
      "continent": "EU",
      "capital": "Gibraltar",
      "currency": "GIP",
      "languages": "en",
      "googleHolidaysCalendarId": "{{ locale }}.gi#holiday@group.v.calendar.google.com"
    },
    "GL": {
      "name": "Greenland",
      "native": "Kalaallit Nunaat",
      "phone": "299",
      "continent": "NA",
      "capital": "Nuuk",
      "currency": "DKK",
      "languages": "kl",
      "googleHolidaysCalendarId": "{{ locale }}.gl#holiday@group.v.calendar.google.com"
    },
    "GM": {
      "name": "Gambia",
      "native": "Gambia",
      "phone": "220",
      "continent": "AF",
      "capital": "Banjul",
      "currency": "GMD",
      "languages": "en",
      "googleHolidaysCalendarId": "{{ locale }}.gm#holiday@group.v.calendar.google.com"
    },
    "GN": {
      "name": "Guinea",
      "native": "Guinée",
      "phone": "224",
      "continent": "AF",
      "capital": "Conakry",
      "currency": "GNF",
      "languages": "fr,ff",
      "googleHolidaysCalendarId": "{{ locale }}.gn#holiday@group.v.calendar.google.com"
    },
    "GP": {
      "name": "Guadeloupe",
      "native": "Guadeloupe",
      "phone": "590",
      "continent": "NA",
      "capital": "Basse-Terre",
      "currency": "EUR",
      "languages": "fr"
    },
    "GQ": {
      "name": "Equatorial Guinea",
      "native": "Guinea Ecuatorial",
      "phone": "240",
      "continent": "AF",
      "capital": "Malabo",
      "currency": "XAF",
      "languages": "es,fr",
      "googleHolidaysCalendarId": "{{ locale }}.gq#holiday@group.v.calendar.google.com"
    },
    "GR": {
      "name": "Greece",
      "native": "Ελλάδα",
      "phone": "30",
      "continent": "EU",
      "capital": "Athens",
      "currency": "EUR",
      "languages": "el",
      "googleHolidaysCalendarId": "{{ locale }}.greek#holiday@group.v.calendar.google.com"
    },
    "GS": {
      "name": "South Georgia and the South Sandwich Islands",
      "native": "South Georgia",
      "phone": "500",
      "continent": "AN",
      "capital": "King Edward Point",
      "currency": "GBP",
      "languages": "en"
    },
    "GT": {
      "name": "Guatemala",
      "native": "Guatemala",
      "phone": "502",
      "continent": "NA",
      "capital": "Guatemala City",
      "currency": "GTQ",
      "languages": "es",
      "googleHolidaysCalendarId": "{{ locale }}.gt#holiday@group.v.calendar.google.com"
    },
    "GU": {
      "name": "Guam",
      "native": "Guam",
      "phone": "1671",
      "continent": "OC",
      "capital": "Hagåtña",
      "currency": "USD",
      "languages": "en,ch,es",
      "googleHolidaysCalendarId": "{{ locale }}.gu#holiday@group.v.calendar.google.com"
    },
    "GW": {
      "name": "Guinea-Bissau",
      "native": "Guiné-Bissau",
      "phone": "245",
      "continent": "AF",
      "capital": "Bissau",
      "currency": "XOF",
      "languages": "pt",
      "googleHolidaysCalendarId": "{{ locale }}.gw#holiday@group.v.calendar.google.com"
    },
    "GY": {
      "name": "Guyana",
      "native": "Guyana",
      "phone": "592",
      "continent": "SA",
      "capital": "Georgetown",
      "currency": "GYD",
      "languages": "en",
      "googleHolidaysCalendarId": "{{ locale }}.gy#holiday@group.v.calendar.google.com"
    },
    "HK": {
      "name": "Hong Kong",
      "native": "香港",
      "phone": "852",
      "continent": "AS",
      "capital": "City of Victoria",
      "currency": "HKD",
      "languages": "zh,en",
      "googleHolidaysCalendarId": "{{ locale }}.hong_kong#holiday@group.v.calendar.google.com"
    },
    "HM": {
      "name": "Heard Island and McDonald Islands",
      "native": "Heard Island and McDonald Islands",
      "phone": "",
      "continent": "AN",
      "capital": "",
      "currency": "AUD",
      "languages": "en"
    },
    "HN": {
      "name": "Honduras",
      "native": "Honduras",
      "phone": "504",
      "continent": "NA",
      "capital": "Tegucigalpa",
      "currency": "HNL",
      "languages": "es",
      "googleHolidaysCalendarId": "{{ locale }}.hn#holiday@group.v.calendar.google.com"
    },
    "HR": {
      "name": "Croatia",
      "native": "Hrvatska",
      "phone": "385",
      "continent": "EU",
      "capital": "Zagreb",
      "currency": "HRK",
      "languages": "hr",
      "googleHolidaysCalendarId": "{{ locale }}.croatian#holiday@group.v.calendar.google.com"
    },
    "HT": {
      "name": "Haiti",
      "native": "Haïti",
      "phone": "509",
      "continent": "NA",
      "capital": "Port-au-Prince",
      "currency": "HTG,USD",
      "languages": "fr,ht",
      "googleHolidaysCalendarId": "{{ locale }}.ht#holiday@group.v.calendar.google.com"
    },
    "HU": {
      "name": "Hungary",
      "native": "Magyarország",
      "phone": "36",
      "continent": "EU",
      "capital": "Budapest",
      "currency": "HUF",
      "languages": "hu",
      "googleHolidaysCalendarId": "{{ locale }}.hungarian#holiday@group.v.calendar.google.com"
    },
    "ID": {
      "name": "Indonesia",
      "native": "Indonesia",
      "phone": "62",
      "continent": "AS",
      "capital": "Jakarta",
      "currency": "IDR",
      "languages": "id",
      "googleHolidaysCalendarId": "{{ locale }}.indonesian#holiday@group.v.calendar.google.com"
    },
    "IE": {
      "name": "Ireland",
      "native": "Éire",
      "phone": "353",
      "continent": "EU",
      "capital": "Dublin",
      "currency": "EUR",
      "languages": "ga,en",
      "googleHolidaysCalendarId": "{{ locale }}.irish#holiday@group.v.calendar.google.com"
    },
    "IL": {
      "name": "Israel",
      "native": "יִשְׂרָאֵל",
      "phone": "972",
      "continent": "AS",
      "capital": "Jerusalem",
      "currency": "ILS",
      "languages": "he,ar",
      "googleHolidaysCalendarId": "{{ locale }}.jewish#holiday@group.v.calendar.google.com"
    },
    "IM": {
      "name": "Isle of Man",
      "native": "Isle of Man",
      "phone": "44",
      "continent": "EU",
      "capital": "Douglas",
      "currency": "GBP",
      "languages": "en,gv"
    },
    "IN": {
      "name": "India",
      "native": "भारत",
      "phone": "91",
      "continent": "AS",
      "capital": "New Delhi",
      "currency": "INR",
      "languages": "hi,en",
      "googleHolidaysCalendarId": "{{ locale }}.indian#holiday@group.v.calendar.google.com"
    },
    "IO": {
      "name": "British Indian Ocean Territory",
      "native": "British Indian Ocean Territory",
      "phone": "246",
      "continent": "AS",
      "capital": "Diego Garcia",
      "currency": "USD",
      "languages": "en"
    },
    "IQ": {
      "name": "Iraq",
      "native": "العراق",
      "phone": "964",
      "continent": "AS",
      "capital": "Baghdad",
      "currency": "IQD",
      "languages": "ar,ku",
      "googleHolidaysCalendarId": "{{ locale }}.iq#holiday@group.v.calendar.google.com"
    },
    "IR": {
      "name": "Iran",
      "native": "ایران",
      "phone": "98",
      "continent": "AS",
      "capital": "Tehran",
      "currency": "IRR",
      "languages": "fa",
      "googleHolidaysCalendarId": "{{ locale }}.ir#holiday@group.v.calendar.google.com"
    },
    "IS": {
      "name": "Iceland",
      "native": "Ísland",
      "phone": "354",
      "continent": "EU",
      "capital": "Reykjavik",
      "currency": "ISK",
      "languages": "is",
      "googleHolidaysCalendarId": "{{ locale }}.is#holiday@group.v.calendar.google.com"
    },
    "IT": {
      "name": "Italy",
      "native": "Italia",
      "phone": "39",
      "continent": "EU",
      "capital": "Rome",
      "currency": "EUR",
      "languages": "it",
      "googleHolidaysCalendarId": "{{ locale }}.italian#holiday@group.v.calendar.google.com"
    },
    "JE": {
      "name": "Jersey",
      "native": "Jersey",
      "phone": "44",
      "continent": "EU",
      "capital": "Saint Helier",
      "currency": "GBP",
      "languages": "en,fr",
      "googleHolidaysCalendarId": "{{ locale }}.je#holiday@group.v.calendar.google.com"
    },
    "JM": {
      "name": "Jamaica",
      "native": "Jamaica",
      "phone": "1876",
      "continent": "NA",
      "capital": "Kingston",
      "currency": "JMD",
      "languages": "en",
      "googleHolidaysCalendarId": "{{ locale }}.jm#holiday@group.v.calendar.google.com"
    },
    "JO": {
      "name": "Jordan",
      "native": "الأردن",
      "phone": "962",
      "continent": "AS",
      "capital": "Amman",
      "currency": "JOD",
      "languages": "ar",
      "googleHolidaysCalendarId": "{{ locale }}.jo#holiday@group.v.calendar.google.com"
    },
    "JP": {
      "name": "Japan",
      "native": "日本",
      "phone": "81",
      "continent": "AS",
      "capital": "Tokyo",
      "currency": "JPY",
      "languages": "ja",
      "googleHolidaysCalendarId": "{{ locale }}.japanese#holiday@group.v.calendar.google.com"
    },
    "KE": {
      "name": "Kenya",
      "native": "Kenya",
      "phone": "254",
      "continent": "AF",
      "capital": "Nairobi",
      "currency": "KES",
      "languages": "en,sw",
      "googleHolidaysCalendarId": "{{ locale }}.ke#holiday@group.v.calendar.google.com"
    },
    "KG": {
      "name": "Kyrgyzstan",
      "native": "Кыргызстан",
      "phone": "996",
      "continent": "AS",
      "capital": "Bishkek",
      "currency": "KGS",
      "languages": "ky,ru",
      "googleHolidaysCalendarId": "{{ locale }}.kg#holiday@group.v.calendar.google.com"
    },
    "KH": {
      "name": "Cambodia",
      "native": "Kâmpŭchéa",
      "phone": "855",
      "continent": "AS",
      "capital": "Phnom Penh",
      "currency": "KHR",
      "languages": "km",
      "googleHolidaysCalendarId": "{{ locale }}.kh#holiday@group.v.calendar.google.com"
    },
    "KI": {
      "name": "Kiribati",
      "native": "Kiribati",
      "phone": "686",
      "continent": "OC",
      "capital": "South Tarawa",
      "currency": "AUD",
      "languages": "en",
      "googleHolidaysCalendarId": "{{ locale }}.ki#holiday@group.v.calendar.google.com"
    },
    "KM": {
      "name": "Comoros",
      "native": "Komori",
      "phone": "269",
      "continent": "AF",
      "capital": "Moroni",
      "currency": "KMF",
      "languages": "ar,fr",
      "googleHolidaysCalendarId": "{{ locale }}.km#holiday@group.v.calendar.google.com"
    },
    "KN": {
      "name": "Saint Kitts and Nevis",
      "native": "Saint Kitts and Nevis",
      "phone": "1869",
      "continent": "NA",
      "capital": "Basseterre",
      "currency": "XCD",
      "languages": "en",
      "googleHolidaysCalendarId": "{{ locale }}.kn#holiday@group.v.calendar.google.com"
    },
    "KP": {
      "name": "North Korea",
      "native": "북한",
      "phone": "850",
      "continent": "AS",
      "capital": "Pyongyang",
      "currency": "KPW",
      "languages": "ko",
      "googleHolidaysCalendarId": "{{ locale }}.kp#holiday@group.v.calendar.google.com"
    },
    "KR": {
      "name": "South Korea",
      "native": "대한민국",
      "phone": "82",
      "continent": "AS",
      "capital": "Seoul",
      "currency": "KRW",
      "languages": "ko",
      "googleHolidaysCalendarId": "{{ locale }}.south_korea#holiday@group.v.calendar.google.com"
    },
    "KW": {
      "name": "Kuwait",
      "native": "الكويت",
      "phone": "965",
      "continent": "AS",
      "capital": "Kuwait City",
      "currency": "KWD",
      "languages": "ar",
      "googleHolidaysCalendarId": "{{ locale }}.kw#holiday@group.v.calendar.google.com"
    },
    "KY": {
      "name": "Cayman Islands",
      "native": "Cayman Islands",
      "phone": "1345",
      "continent": "NA",
      "capital": "George Town",
      "currency": "KYD",
      "languages": "en",
      "googleHolidaysCalendarId": "{{ locale }}.ky#holiday@group.v.calendar.google.com"
    },
    "KZ": {
      "name": "Kazakhstan",
      "native": "Қазақстан",
      "phone": "76,77",
      "continent": "AS",
      "capital": "Astana",
      "currency": "KZT",
      "languages": "kk,ru",
      "googleHolidaysCalendarId": "{{ locale }}.kz#holiday@group.v.calendar.google.com"
    },
    "LA": {
      "name": "Laos",
      "native": "ສປປລາວ",
      "phone": "856",
      "continent": "AS",
      "capital": "Vientiane",
      "currency": "LAK",
      "languages": "lo",
      "googleHolidaysCalendarId": "{{ locale }}.la#holiday@group.v.calendar.google.com"
    },
    "LB": {
      "name": "Lebanon",
      "native": "لبنان",
      "phone": "961",
      "continent": "AS",
      "capital": "Beirut",
      "currency": "LBP",
      "languages": "ar,fr",
      "googleHolidaysCalendarId": "{{ locale }}.lb#holiday@group.v.calendar.google.com"
    },
    "LC": {
      "name": "Saint Lucia",
      "native": "Saint Lucia",
      "phone": "1758",
      "continent": "NA",
      "capital": "Castries",
      "currency": "XCD",
      "languages": "en",
      "googleHolidaysCalendarId": "{{ locale }}.lc#holiday@group.v.calendar.google.com"
    },
    "LI": {
      "name": "Liechtenstein",
      "native": "Liechtenstein",
      "phone": "423",
      "continent": "EU",
      "capital": "Vaduz",
      "currency": "CHF",
      "languages": "de",
      "googleHolidaysCalendarId": "{{ locale }}.li#holiday@group.v.calendar.google.com"
    },
    "LK": {
      "name": "Sri Lanka",
      "native": "śrī laṃkāva",
      "phone": "94",
      "continent": "AS",
      "capital": "Colombo",
      "currency": "LKR",
      "languages": "si,ta",
      "googleHolidaysCalendarId": "{{ locale }}.lk#holiday@group.v.calendar.google.com"
    },
    "LR": {
      "name": "Liberia",
      "native": "Liberia",
      "phone": "231",
      "continent": "AF",
      "capital": "Monrovia",
      "currency": "LRD",
      "languages": "en",
      "googleHolidaysCalendarId": "{{ locale }}.lr#holiday@group.v.calendar.google.com"
    },
    "LS": {
      "name": "Lesotho",
      "native": "Lesotho",
      "phone": "266",
      "continent": "AF",
      "capital": "Maseru",
      "currency": "LSL,ZAR",
      "languages": "en,st",
      "googleHolidaysCalendarId": "{{ locale }}.ls#holiday@group.v.calendar.google.com"
    },
    "LT": {
      "name": "Lithuania",
      "native": "Lietuva",
      "phone": "370",
      "continent": "EU",
      "capital": "Vilnius",
      "currency": "LTL",
      "languages": "lt",
      "googleHolidaysCalendarId": "{{ locale }}.lithuanian#holiday@group.v.calendar.google.com"
    },
    "LU": {
      "name": "Luxembourg",
      "native": "Luxembourg",
      "phone": "352",
      "continent": "EU",
      "capital": "Luxembourg",
      "currency": "EUR",
      "languages": "fr,de,lb",
      "googleHolidaysCalendarId": "{{ locale }}.lu#holiday@group.v.calendar.google.com"
    },
    "LV": {
      "name": "Latvia",
      "native": "Latvija",
      "phone": "371",
      "continent": "EU",
      "capital": "Riga",
      "currency": "EUR",
      "languages": "lv",
      "googleHolidaysCalendarId": "{{ locale }}.latvian#holiday@group.v.calendar.google.com"
    },
    "LY": {
      "name": "Libya",
      "native": "‏ليبيا",
      "phone": "218",
      "continent": "AF",
      "capital": "Tripoli",
      "currency": "LYD",
      "languages": "ar",
      "googleHolidaysCalendarId": "{{ locale }}.ly#holiday@group.v.calendar.google.com"
    },
    "MA": {
      "name": "Morocco",
      "native": "المغرب",
      "phone": "212",
      "continent": "AF",
      "capital": "Rabat",
      "currency": "MAD",
      "languages": "ar",
      "googleHolidaysCalendarId": "{{ locale }}.ma#holiday@group.v.calendar.google.com"
    },
    "MC": {
      "name": "Monaco",
      "native": "Monaco",
      "phone": "377",
      "continent": "EU",
      "capital": "Monaco",
      "currency": "EUR",
      "languages": "fr",
      "googleHolidaysCalendarId": "{{ locale }}.mc#holiday@group.v.calendar.google.com"
    },
    "MD": {
      "name": "Moldova",
      "native": "Moldova",
      "phone": "373",
      "continent": "EU",
      "capital": "Chișinău",
      "currency": "MDL",
      "languages": "ro",
      "googleHolidaysCalendarId": "{{ locale }}.md#holiday@group.v.calendar.google.com"
    },
    "ME": {
      "name": "Montenegro",
      "native": "Црна Гора",
      "phone": "382",
      "continent": "EU",
      "capital": "Podgorica",
      "currency": "EUR",
      "languages": "sr,bs,sq,hr",
      "googleHolidaysCalendarId": "{{ locale }}.me#holiday@group.v.calendar.google.com"
    },
    "MF": {
      "name": "Saint Martin",
      "native": "Saint-Martin",
      "phone": "590",
      "continent": "NA",
      "capital": "Marigot",
      "currency": "EUR",
      "languages": "en,fr,nl",
      "googleHolidaysCalendarId": "{{ locale }}.mf#holiday@group.v.calendar.google.com"
    },
    "MG": {
      "name": "Madagascar",
      "native": "Madagasikara",
      "phone": "261",
      "continent": "AF",
      "capital": "Antananarivo",
      "currency": "MGA",
      "languages": "fr,mg",
      "googleHolidaysCalendarId": "{{ locale }}.mg#holiday@group.v.calendar.google.com"
    },
    "MH": {
      "name": "Marshall Islands",
      "native": "M̧ajeļ",
      "phone": "692",
      "continent": "OC",
      "capital": "Majuro",
      "currency": "USD",
      "languages": "en,mh",
      "googleHolidaysCalendarId": "{{ locale }}.mh#holiday@group.v.calendar.google.com"
    },
    "MK": {
      "name": "Macedonia",
      "native": "Македонија",
      "phone": "389",
      "continent": "EU",
      "capital": "Skopje",
      "currency": "MKD",
      "languages": "mk",
      "googleHolidaysCalendarId": "{{ locale }}.mk#holiday@group.v.calendar.google.com"
    },
    "ML": {
      "name": "Mali",
      "native": "Mali",
      "phone": "223",
      "continent": "AF",
      "capital": "Bamako",
      "currency": "XOF",
      "languages": "fr",
      "googleHolidaysCalendarId": "{{ locale }}.ml#holiday@group.v.calendar.google.com"
    },
    "MM": {
      "name": "Myanmar [Burma]",
      "native": "Myanma",
      "phone": "95",
      "continent": "AS",
      "capital": "Naypyidaw",
      "currency": "MMK",
      "languages": "my",
      "googleHolidaysCalendarId": "{{ locale }}.mm#holiday@group.v.calendar.google.com"
    },
    "MN": {
      "name": "Mongolia",
      "native": "Монгол улс",
      "phone": "976",
      "continent": "AS",
      "capital": "Ulan Bator",
      "currency": "MNT",
      "languages": "mn",
      "googleHolidaysCalendarId": "{{ locale }}.mn#holiday@group.v.calendar.google.com"
    },
    "MO": {
      "name": "Macao",
      "native": "澳門",
      "phone": "853",
      "continent": "AS",
      "capital": "",
      "currency": "MOP",
      "languages": "zh,pt",
      "googleHolidaysCalendarId": "{{ locale }}.mo#holiday@group.v.calendar.google.com"
    },
    "MP": {
      "name": "Northern Mariana Islands",
      "native": "Northern Mariana Islands",
      "phone": "1670",
      "continent": "OC",
      "capital": "Saipan",
      "currency": "USD",
      "languages": "en,ch",
      "googleHolidaysCalendarId": "{{ locale }}.mp#holiday@group.v.calendar.google.com"
    },
    "MQ": {
      "name": "Martinique",
      "native": "Martinique",
      "phone": "596",
      "continent": "NA",
      "capital": "Fort-de-France",
      "currency": "EUR",
      "languages": "fr",
      "googleHolidaysCalendarId": "{{ locale }}.mq#holiday@group.v.calendar.google.com"
    },
    "MR": {
      "name": "Mauritania",
      "native": "موريتانيا",
      "phone": "222",
      "continent": "AF",
      "capital": "Nouakchott",
      "currency": "MRO",
      "languages": "ar",
      "googleHolidaysCalendarId": "{{ locale }}.mr#holiday@group.v.calendar.google.com"
    },
    "MS": {
      "name": "Montserrat",
      "native": "Montserrat",
      "phone": "1664",
      "continent": "NA",
      "capital": "Plymouth",
      "currency": "XCD",
      "languages": "en",
      "googleHolidaysCalendarId": "{{ locale }}.ms#holiday@group.v.calendar.google.com"
    },
    "MT": {
      "name": "Malta",
      "native": "Malta",
      "phone": "356",
      "continent": "EU",
      "capital": "Valletta",
      "currency": "EUR",
      "languages": "mt,en",
      "googleHolidaysCalendarId": "{{ locale }}.mt#holiday@group.v.calendar.google.com"
    },
    "MU": {
      "name": "Mauritius",
      "native": "Maurice",
      "phone": "230",
      "continent": "AF",
      "capital": "Port Louis",
      "currency": "MUR",
      "languages": "en",
      "googleHolidaysCalendarId": "{{ locale }}.mu#holiday@group.v.calendar.google.com"
    },
    "MV": {
      "name": "Maldives",
      "native": "Maldives",
      "phone": "960",
      "continent": "AS",
      "capital": "Malé",
      "currency": "MVR",
      "languages": "dv",
      "googleHolidaysCalendarId": "{{ locale }}.mv#holiday@group.v.calendar.google.com"
    },
    "MW": {
      "name": "Malawi",
      "native": "Malawi",
      "phone": "265",
      "continent": "AF",
      "capital": "Lilongwe",
      "currency": "MWK",
      "languages": "en,ny",
      "googleHolidaysCalendarId": "{{ locale }}.mw#holiday@group.v.calendar.google.com"
    },
    "MX": {
      "name": "Mexico",
      "native": "México",
      "phone": "52",
      "continent": "NA",
      "capital": "Mexico City",
      "currency": "MXN",
      "languages": "es",
      "googleHolidaysCalendarId": "{{ locale }}.mexican#holiday@group.v.calendar.google.com"
    },
    "MY": {
      "name": "Malaysia",
      "native": "Malaysia",
      "phone": "60",
      "continent": "AS",
      "capital": "Kuala Lumpur",
      "currency": "MYR",
      "languages": "",
      "googleHolidaysCalendarId": "{{ locale }}.malaysia#holiday@group.v.calendar.google.com"
    },
    "MZ": {
      "name": "Mozambique",
      "native": "Moçambique",
      "phone": "258",
      "continent": "AF",
      "capital": "Maputo",
      "currency": "MZN",
      "languages": "pt",
      "googleHolidaysCalendarId": "{{ locale }}.mz#holiday@group.v.calendar.google.com"
    },
    "NA": {
      "name": "Namibia",
      "native": "Namibia",
      "phone": "264",
      "continent": "AF",
      "capital": "Windhoek",
      "currency": "NAD,ZAR",
      "languages": "en,af",
      "googleHolidaysCalendarId": "{{ locale }}.na#holiday@group.v.calendar.google.com"
    },
    "NC": {
      "name": "New Caledonia",
      "native": "Nouvelle-Calédonie",
      "phone": "687",
      "continent": "OC",
      "capital": "Nouméa",
      "currency": "XPF",
      "languages": "fr",
      "googleHolidaysCalendarId": "{{ locale }}.nc#holiday@group.v.calendar.google.com"
    },
    "NE": {
      "name": "Niger",
      "native": "Niger",
      "phone": "227",
      "continent": "AF",
      "capital": "Niamey",
      "currency": "XOF",
      "languages": "fr",
      "googleHolidaysCalendarId": "{{ locale }}.ne#holiday@group.v.calendar.google.com"
    },
    "NF": {
      "name": "Norfolk Island",
      "native": "Norfolk Island",
      "phone": "672",
      "continent": "OC",
      "capital": "Kingston",
      "currency": "AUD",
      "languages": "en"
    },
    "NG": {
      "name": "Nigeria",
      "native": "Nigeria",
      "phone": "234",
      "continent": "AF",
      "capital": "Abuja",
      "currency": "NGN",
      "languages": "en",
      "googleHolidaysCalendarId": "{{ locale }}.ng#holiday@group.v.calendar.google.com"
    },
    "NI": {
      "name": "Nicaragua",
      "native": "Nicaragua",
      "phone": "505",
      "continent": "NA",
      "capital": "Managua",
      "currency": "NIO",
      "languages": "es",
      "googleHolidaysCalendarId": "{{ locale }}.ni#holiday@group.v.calendar.google.com"
    },
    "NL": {
      "name": "Netherlands",
      "native": "Nederland",
      "phone": "31",
      "continent": "EU",
      "capital": "Amsterdam",
      "currency": "EUR",
      "languages": "nl",
      "googleHolidaysCalendarId": "{{ locale }}.dutch#holiday@group.v.calendar.google.com"
    },
    "NO": {
      "name": "Norway",
      "native": "Norge",
      "phone": "47",
      "continent": "EU",
      "capital": "Oslo",
      "currency": "NOK",
      "languages": "no,nb,nn",
      "googleHolidaysCalendarId": "{{ locale }}.norwegian#holiday@group.v.calendar.google.com"
    },
    "NP": {
      "name": "Nepal",
      "native": "नपल",
      "phone": "977",
      "continent": "AS",
      "capital": "Kathmandu",
      "currency": "NPR",
      "languages": "ne",
      "googleHolidaysCalendarId": "{{ locale }}.np#holiday@group.v.calendar.google.com"
    },
    "NR": {
      "name": "Nauru",
      "native": "Nauru",
      "phone": "674",
      "continent": "OC",
      "capital": "Yaren",
      "currency": "AUD",
      "languages": "en,na",
      "googleHolidaysCalendarId": "{{ locale }}.nr#holiday@group.v.calendar.google.com"
    },
    "NU": {
      "name": "Niue",
      "native": "Niuē",
      "phone": "683",
      "continent": "OC",
      "capital": "Alofi",
      "currency": "NZD",
      "languages": "en"
    },
    "NZ": {
      "name": "New Zealand",
      "native": "New Zealand",
      "phone": "64",
      "continent": "OC",
      "capital": "Wellington",
      "currency": "NZD",
      "languages": "en,mi",
      "googleHolidaysCalendarId": "{{ locale }}.new_zealand#holiday@group.v.calendar.google.com"
    },
    "OM": {
      "name": "Oman",
      "native": "عمان",
      "phone": "968",
      "continent": "AS",
      "capital": "Muscat",
      "currency": "OMR",
      "languages": "ar",
      "googleHolidaysCalendarId": "{{ locale }}.om#holiday@group.v.calendar.google.com"
    },
    "PA": {
      "name": "Panama",
      "native": "Panamá",
      "phone": "507",
      "continent": "NA",
      "capital": "Panama City",
      "currency": "PAB,USD",
      "languages": "es",
      "googleHolidaysCalendarId": "{{ locale }}.pa#holiday@group.v.calendar.google.com"
    },
    "PE": {
      "name": "Peru",
      "native": "Perú",
      "phone": "51",
      "continent": "SA",
      "capital": "Lima",
      "currency": "PEN",
      "languages": "es",
      "googleHolidaysCalendarId": "{{ locale }}.pe#holiday@group.v.calendar.google.com"
    },
    "PF": {
      "name": "French Polynesia",
      "native": "Polynésie française",
      "phone": "689",
      "continent": "OC",
      "capital": "Papeetē",
      "currency": "XPF",
      "languages": "fr",
      "googleHolidaysCalendarId": "{{ locale }}.pf#holiday@group.v.calendar.google.com"
    },
    "PG": {
      "name": "Papua New Guinea",
      "native": "Papua Niugini",
      "phone": "675",
      "continent": "OC",
      "capital": "Port Moresby",
      "currency": "PGK",
      "languages": "en",
      "googleHolidaysCalendarId": "{{ locale }}.pg#holiday@group.v.calendar.google.com"
    },
    "PH": {
      "name": "Philippines",
      "native": "Pilipinas",
      "phone": "63",
      "continent": "AS",
      "capital": "Manila",
      "currency": "PHP",
      "languages": "en",
      "googleHolidaysCalendarId": "{{ locale }}.philippines#holiday@group.v.calendar.google.com"
    },
    "PK": {
      "name": "Pakistan",
      "native": "Pakistan",
      "phone": "92",
      "continent": "AS",
      "capital": "Islamabad",
      "currency": "PKR",
      "languages": "en,ur",
      "googleHolidaysCalendarId": "{{ locale }}.pk#holiday@group.v.calendar.google.com"
    },
    "PL": {
      "name": "Poland",
      "native": "Polska",
      "phone": "48",
      "continent": "EU",
      "capital": "Warsaw",
      "currency": "PLN",
      "languages": "pl",
      "googleHolidaysCalendarId": "{{ locale }}.polish#holiday@group.v.calendar.google.com"
    },
    "PM": {
      "name": "Saint Pierre and Miquelon",
      "native": "Saint-Pierre-et-Miquelon",
      "phone": "508",
      "continent": "NA",
      "capital": "Saint-Pierre",
      "currency": "EUR",
      "languages": "fr",
      "googleHolidaysCalendarId": "{{ locale }}.pm#holiday@group.v.calendar.google.com"
    },
    "PN": {
      "name": "Pitcairn Islands",
      "native": "Pitcairn Islands",
      "phone": "64",
      "continent": "OC",
      "capital": "Adamstown",
      "currency": "NZD",
      "languages": "en"
    },
    "PR": {
      "name": "Puerto Rico",
      "native": "Puerto Rico",
      "phone": "1787,1939",
      "continent": "NA",
      "capital": "San Juan",
      "currency": "USD",
      "languages": "es,en",
      "googleHolidaysCalendarId": "{{ locale }}.pr#holiday@group.v.calendar.google.com"
    },
    "PS": {
      "name": "Palestine",
      "native": "فلسطين",
      "phone": "970",
      "continent": "AS",
      "capital": "Ramallah",
      "currency": "ILS",
      "languages": "ar"
    },
    "PT": {
      "name": "Portugal",
      "native": "Portugal",
      "phone": "351",
      "continent": "EU",
      "capital": "Lisbon",
      "currency": "EUR",
      "languages": "pt",
      "googleHolidaysCalendarId": "{{ locale }}.portuguese#holiday@group.v.calendar.google.com"
    },
    "PW": {
      "name": "Palau",
      "native": "Palau",
      "phone": "680",
      "continent": "OC",
      "capital": "Ngerulmud",
      "currency": "USD",
      "languages": "en",
      "googleHolidaysCalendarId": "{{ locale }}.pw#holiday@group.v.calendar.google.com"
    },
    "PY": {
      "name": "Paraguay",
      "native": "Paraguay",
      "phone": "595",
      "continent": "SA",
      "capital": "Asunción",
      "currency": "PYG",
      "languages": "es,gn",
      "googleHolidaysCalendarId": "{{ locale }}.py#holiday@group.v.calendar.google.com"
    },
    "QA": {
      "name": "Qatar",
      "native": "قطر",
      "phone": "974",
      "continent": "AS",
      "capital": "Doha",
      "currency": "QAR",
      "languages": "ar",
      "googleHolidaysCalendarId": "{{ locale }}.qa#holiday@group.v.calendar.google.com"
    },
    "RE": {
      "name": "Réunion",
      "native": "La Réunion",
      "phone": "262",
      "continent": "AF",
      "capital": "Saint-Denis",
      "currency": "EUR",
      "languages": "fr",
      "googleHolidaysCalendarId": "{{ locale }}.re#holiday@group.v.calendar.google.com"
    },
    "RO": {
      "name": "Romania",
      "native": "România",
      "phone": "40",
      "continent": "EU",
      "capital": "Bucharest",
      "currency": "RON",
      "languages": "ro",
      "googleHolidaysCalendarId": "{{ locale }}.romanian#holiday@group.v.calendar.google.com"
    },
    "RS": {
      "name": "Serbia",
      "native": "Србија",
      "phone": "381",
      "continent": "EU",
      "capital": "Belgrade",
      "currency": "RSD",
      "languages": "sr",
      "googleHolidaysCalendarId": "{{ locale }}.rs#holiday@group.v.calendar.google.com"
    },
    "RU": {
      "name": "Russia",
      "native": "Россия",
      "phone": "7",
      "continent": "EU",
      "capital": "Moscow",
      "currency": "RUB",
      "languages": "ru",
      "googleHolidaysCalendarId": "{{ locale }}.russian#holiday@group.v.calendar.google.com"
    },
    "RW": {
      "name": "Rwanda",
      "native": "Rwanda",
      "phone": "250",
      "continent": "AF",
      "capital": "Kigali",
      "currency": "RWF",
      "languages": "rw,en,fr",
      "googleHolidaysCalendarId": "{{ locale }}.rw#holiday@group.v.calendar.google.com"
    },
    "SA": {
      "name": "Saudi Arabia",
      "native": "العربية السعودية",
      "phone": "966",
      "continent": "AS",
      "capital": "Riyadh",
      "currency": "SAR",
      "languages": "ar",
      "googleHolidaysCalendarId": "{{ locale }}.sa#holiday@group.v.calendar.google.com"
    },
    "SB": {
      "name": "Solomon Islands",
      "native": "Solomon Islands",
      "phone": "677",
      "continent": "OC",
      "capital": "Honiara",
      "currency": "SBD",
      "languages": "en",
      "googleHolidaysCalendarId": "{{ locale }}.sb#holiday@group.v.calendar.google.com"
    },
    "SC": {
      "name": "Seychelles",
      "native": "Seychelles",
      "phone": "248",
      "continent": "AF",
      "capital": "Victoria",
      "currency": "SCR",
      "languages": "fr,en",
      "googleHolidaysCalendarId": "{{ locale }}.sc#holiday@group.v.calendar.google.com"
    },
    "SD": {
      "name": "Sudan",
      "native": "السودان",
      "phone": "249",
      "continent": "AF",
      "capital": "Khartoum",
      "currency": "SDG",
      "languages": "ar,en",
      "googleHolidaysCalendarId": "{{ locale }}.sd#holiday@group.v.calendar.google.com"
    },
    "SE": {
      "name": "Sweden",
      "native": "Sverige",
      "phone": "46",
      "continent": "EU",
      "capital": "Stockholm",
      "currency": "SEK",
      "languages": "sv",
      "googleHolidaysCalendarId": "{{ locale }}.swedish#holiday@group.v.calendar.google.com"
    },
    "SG": {
      "name": "Singapore",
      "native": "Singapore",
      "phone": "65",
      "continent": "AS",
      "capital": "Singapore",
      "currency": "SGD",
      "languages": "en,ms,ta,zh",
      "googleHolidaysCalendarId": "{{ locale }}.singapore#holiday@group.v.calendar.google.com"
    },
    "SH": {
      "name": "Saint Helena",
      "native": "Saint Helena",
      "phone": "290",
      "continent": "AF",
      "capital": "Jamestown",
      "currency": "SHP",
      "languages": "en",
      "googleHolidaysCalendarId": "{{ locale }}.sh#holiday@group.v.calendar.google.com"
    },
    "SI": {
      "name": "Slovenia",
      "native": "Slovenija",
      "phone": "386",
      "continent": "EU",
      "capital": "Ljubljana",
      "currency": "EUR",
      "languages": "sl",
      "googleHolidaysCalendarId": "{{ locale }}.slovenian#holiday@group.v.calendar.google.com"
    },
    "SJ": {
      "name": "Svalbard and Jan Mayen",
      "native": "Svalbard og Jan Mayen",
      "phone": "4779",
      "continent": "EU",
      "capital": "Longyearbyen",
      "currency": "NOK",
      "languages": "no"
    },
    "SK": {
      "name": "Slovakia",
      "native": "Slovensko",
      "phone": "421",
      "continent": "EU",
      "capital": "Bratislava",
      "currency": "EUR",
      "languages": "sk",
      "googleHolidaysCalendarId": "{{ locale }}.slovak#holiday@group.v.calendar.google.com"
    },
    "SL": {
      "name": "Sierra Leone",
      "native": "Sierra Leone",
      "phone": "232",
      "continent": "AF",
      "capital": "Freetown",
      "currency": "SLL",
      "languages": "en",
      "googleHolidaysCalendarId": "{{ locale }}.sl#holiday@group.v.calendar.google.com"
    },
    "SM": {
      "name": "San Marino",
      "native": "San Marino",
      "phone": "378",
      "continent": "EU",
      "capital": "City of San Marino",
      "currency": "EUR",
      "languages": "it",
      "googleHolidaysCalendarId": "{{ locale }}.sm#holiday@group.v.calendar.google.com"
    },
    "SN": {
      "name": "Senegal",
      "native": "Sénégal",
      "phone": "221",
      "continent": "AF",
      "capital": "Dakar",
      "currency": "XOF",
      "languages": "fr",
      "googleHolidaysCalendarId": "{{ locale }}.sn#holiday@group.v.calendar.google.co"
    },
    "SO": {
      "name": "Somalia",
      "native": "Soomaaliya",
      "phone": "252",
      "continent": "AF",
      "capital": "Mogadishu",
      "currency": "SOS",
      "languages": "so,ar",
      "googleHolidaysCalendarId": "{{ locale }}.so#holiday@group.v.calendar.google.com"
    },
    "SR": {
      "name": "Suriname",
      "native": "Suriname",
      "phone": "597",
      "continent": "SA",
      "capital": "Paramaribo",
      "currency": "SRD",
      "languages": "nl",
      "googleHolidaysCalendarId": "{{ locale }}.sr#holiday@group.v.calendar.google.com"
    },
    "SS": {
      "name": "South Sudan",
      "native": "South Sudan",
      "phone": "211",
      "continent": "AF",
      "capital": "Juba",
      "currency": "SSP",
      "languages": "en",
      "googleHolidaysCalendarId": "{{ locale }}.ss#holiday@group.v.calendar.google.com"
    },
    "ST": {
      "name": "São Tomé and Príncipe",
      "native": "São Tomé e Príncipe",
      "phone": "239",
      "continent": "AF",
      "capital": "São Tomé",
      "currency": "STD",
      "languages": "pt",
      "googleHolidaysCalendarId": "{{ locale }}.st#holiday@group.v.calendar.google.com"
    },
    "SV": {
      "name": "El Salvador",
      "native": "El Salvador",
      "phone": "503",
      "continent": "NA",
      "capital": "San Salvador",
      "currency": "SVC,USD",
      "languages": "es",
      "googleHolidaysCalendarId": "{{ locale }}.sv#holiday@group.v.calendar.google.com"
    },
    "SX": {
      "name": "Sint Maarten",
      "native": "Sint Maarten",
      "phone": "1721",
      "continent": "NA",
      "capital": "Philipsburg",
      "currency": "ANG",
      "languages": "nl,en",
      "googleHolidaysCalendarId": "{{ locale }}.sx#holiday@group.v.calendar.google.com"
    },
    "SY": {
      "name": "Syria",
      "native": "سوريا",
      "phone": "963",
      "continent": "AS",
      "capital": "Damascus",
      "currency": "SYP",
      "languages": "ar",
      "googleHolidaysCalendarId": "{{ locale }}.sy#holiday@group.v.calendar.google.com"
    },
    "SZ": {
      "name": "Swaziland",
      "native": "Swaziland",
      "phone": "268",
      "continent": "AF",
      "capital": "Lobamba",
      "currency": "SZL",
      "languages": "en,ss",
      "googleHolidaysCalendarId": "{{ locale }}.sz#holiday@group.v.calendar.google.com"
    },
    "TC": {
      "name": "Turks and Caicos Islands",
      "native": "Turks and Caicos Islands",
      "phone": "1649",
      "continent": "NA",
      "capital": "Cockburn Town",
      "currency": "USD",
      "languages": "en",
      "googleHolidaysCalendarId": "{{ locale }}.tc#holiday@group.v.calendar.google.com"
    },
    "TD": {
      "name": "Chad",
      "native": "Tchad",
      "phone": "235",
      "continent": "AF",
      "capital": "N'Djamena",
      "currency": "XAF",
      "languages": "fr,ar",
      "googleHolidaysCalendarId": "{{ locale }}.td#holiday@group.v.calendar.google.com"
    },
    "TF": {
      "name": "French Southern Territories",
      "native": "Territoire des Terres australes et antarctiques fr",
      "phone": "",
      "continent": "AN",
      "capital": "Port-aux-Français",
      "currency": "EUR",
      "languages": "fr"
    },
    "TG": {
      "name": "Togo",
      "native": "Togo",
      "phone": "228",
      "continent": "AF",
      "capital": "Lomé",
      "currency": "XOF",
      "languages": "fr",
      "googleHolidaysCalendarId": "{{ locale }}.tg#holiday@group.v.calendar.google.com"
    },
    "TH": {
      "name": "Thailand",
      "native": "ประเทศไทย",
      "phone": "66",
      "continent": "AS",
      "capital": "Bangkok",
      "currency": "THB",
      "languages": "th",
      "googleHolidaysCalendarId": "{{ locale }}.th#holiday@group.v.calendar.google.com"
    },
    "TJ": {
      "name": "Tajikistan",
      "native": "Тоҷикистон",
      "phone": "992",
      "continent": "AS",
      "capital": "Dushanbe",
      "currency": "TJS",
      "languages": "tg,ru",
      "googleHolidaysCalendarId": "{{ locale }}.tj#holiday@group.v.calendar.google.com"
    },
    "TK": {
      "name": "Tokelau",
      "native": "Tokelau",
      "phone": "690",
      "continent": "OC",
      "capital": "Fakaofo",
      "currency": "NZD",
      "languages": "en"
    },
    "TL": {
      "name": "East Timor",
      "native": "Timor-Leste",
      "phone": "670",
      "continent": "OC",
      "capital": "Dili",
      "currency": "USD",
      "languages": "pt",
      "googleHolidaysCalendarId": "{{ locale }}.tl#holiday@group.v.calendar.google.com"
    },
    "TM": {
      "name": "Turkmenistan",
      "native": "Türkmenistan",
      "phone": "993",
      "continent": "AS",
      "capital": "Ashgabat",
      "currency": "TMT",
      "languages": "tk,ru",
      "googleHolidaysCalendarId": "{{ locale }}.tm#holiday@group.v.calendar.google.com"
    },
    "TN": {
      "name": "Tunisia",
      "native": "تونس",
      "phone": "216",
      "continent": "AF",
      "capital": "Tunis",
      "currency": "TND",
      "languages": "ar",
      "googleHolidaysCalendarId": "{{ locale }}.tn#holiday@group.v.calendar.google.com"
    },
    "TO": {
      "name": "Tonga",
      "native": "Tonga",
      "phone": "676",
      "continent": "OC",
      "capital": "Nuku'alofa",
      "currency": "TOP",
      "languages": "en,to",
      "googleHolidaysCalendarId": "{{ locale }}.to#holiday@group.v.calendar.google.com"
    },
    "TR": {
      "name": "Turkey",
      "native": "Türkiye",
      "phone": "90",
      "continent": "AS",
      "capital": "Ankara",
      "currency": "TRY",
      "languages": "tr",
      "googleHolidaysCalendarId": "{{ locale }}.turkish#holiday@group.v.calendar.google.com"
    },
    "TT": {
      "name": "Trinidad and Tobago",
      "native": "Trinidad and Tobago",
      "phone": "1868",
      "continent": "NA",
      "capital": "Port of Spain",
      "currency": "TTD",
      "languages": "en",
      "googleHolidaysCalendarId": "{{ locale }}.tt#holiday@group.v.calendar.google.com"
    },
    "TV": {
      "name": "Tuvalu",
      "native": "Tuvalu",
      "phone": "688",
      "continent": "OC",
      "capital": "Funafuti",
      "currency": "AUD",
      "languages": "en",
      "googleHolidaysCalendarId": "{{ locale }}.tv#holiday@group.v.calendar.google.com"
    },
    "TW": {
      "name": "Taiwan",
      "native": "臺灣",
      "phone": "886",
      "continent": "AS",
      "capital": "Taipei",
      "currency": "TWD",
      "languages": "zh",
      "googleHolidaysCalendarId": "{{ locale }}.taiwan#holiday@group.v.calendar.google.com"
    },
    "TZ": {
      "name": "Tanzania",
      "native": "Tanzania",
      "phone": "255",
      "continent": "AF",
      "capital": "Dodoma",
      "currency": "TZS",
      "languages": "sw,en",
      "googleHolidaysCalendarId": "{{ locale }}.tz#holiday@group.v.calendar.google.com"
    },
    "UA": {
      "name": "Ukraine",
      "native": "Україна",
      "phone": "380",
      "continent": "EU",
      "capital": "Kiev",
      "currency": "UAH",
      "languages": "uk",
      "googleHolidaysCalendarId": "{{ locale }}.ukrainian#holiday@group.v.calendar.google.com"
    },
    "UG": {
      "name": "Uganda",
      "native": "Uganda",
      "phone": "256",
      "continent": "AF",
      "capital": "Kampala",
      "currency": "UGX",
      "languages": "en,sw",
      "googleHolidaysCalendarId": "{{ locale }}.ug#holiday@group.v.calendar.google.com"
    },
    "UM": {
      "name": "U.S. Minor Outlying Islands",
      "native": "United States Minor Outlying Islands",
      "phone": "",
      "continent": "OC",
      "capital": "",
      "currency": "USD",
      "languages": "en"
    },
    "US": {
      "name": "United States",
      "native": "United States",
      "phone": "1",
      "continent": "NA",
      "capital": "Washington D.C.",
      "currency": "USD,USN,USS",
      "languages": "en",
      "googleHolidaysCalendarId": "{{ locale }}.usa#holiday@group.v.calendar.google.com"
    },
    "UY": {
      "name": "Uruguay",
      "native": "Uruguay",
      "phone": "598",
      "continent": "SA",
      "capital": "Montevideo",
      "currency": "UYI,UYU",
      "languages": "es",
      "googleHolidaysCalendarId": "{{ locale }}.uy#holiday@group.v.calendar.google.com"
    },
    "UZ": {
      "name": "Uzbekistan",
      "native": "O‘zbekiston",
      "phone": "998",
      "continent": "AS",
      "capital": "Tashkent",
      "currency": "UZS",
      "languages": "uz,ru",
      "googleHolidaysCalendarId": "{{ locale }}.uz#holiday@group.v.calendar.google.com"
    },
    "VA": {
      "name": "Vatican City",
      "native": "Vaticano",
      "phone": "39066,379",
      "continent": "EU",
      "capital": "Vatican City",
      "currency": "EUR",
      "languages": "it,la",
      "googleHolidaysCalendarId": "{{ locale }}.va#holiday@group.v.calendar.google.com"
    },
    "VC": {
      "name": "Saint Vincent and the Grenadines",
      "native": "Saint Vincent and the Grenadines",
      "phone": "1784",
      "continent": "NA",
      "capital": "Kingstown",
      "currency": "XCD",
      "languages": "en",
      "googleHolidaysCalendarId": "{{ locale }}.vc#holiday@group.v.calendar.google.com"
    },
    "VE": {
      "name": "Venezuela",
      "native": "Venezuela",
      "phone": "58",
      "continent": "SA",
      "capital": "Caracas",
      "currency": "VEF",
      "languages": "es",
      "googleHolidaysCalendarId": "{{ locale }}.ve#holiday@group.v.calendar.google.com"
    },
    "VG": {
      "name": "British Virgin Islands",
      "native": "British Virgin Islands",
      "phone": "1284",
      "continent": "NA",
      "capital": "Road Town",
      "currency": "USD",
      "languages": "en",
      "googleHolidaysCalendarId": "{{ locale }}.vg#holiday@group.v.calendar.google.com"
    },
    "VI": {
      "name": "U.S. Virgin Islands",
      "native": "United States Virgin Islands",
      "phone": "1340",
      "continent": "NA",
      "capital": "Charlotte Amalie",
      "currency": "USD",
      "languages": "en",
      "googleHolidaysCalendarId": "{{ locale }}.vi#holiday@group.v.calendar.google.com"
    },
    "VN": {
      "name": "Vietnam",
      "native": "Việt Nam",
      "phone": "84",
      "continent": "AS",
      "capital": "Hanoi",
      "currency": "VND",
      "languages": "vi",
      "googleHolidaysCalendarId": "{{ locale }}.vietnamese#holiday@group.v.calendar.google.com"
    },
    "VU": {
      "name": "Vanuatu",
      "native": "Vanuatu",
      "phone": "678",
      "continent": "OC",
      "capital": "Port Vila",
      "currency": "VUV",
      "languages": "bi,en,fr",
      "googleHolidaysCalendarId": "{{ locale }}.vu#holiday@group.v.calendar.google.com"
    },
    "WF": {
      "name": "Wallis and Futuna",
      "native": "Wallis et Futuna",
      "phone": "681",
      "continent": "OC",
      "capital": "Mata-Utu",
      "currency": "XPF",
      "languages": "fr",
      "googleHolidaysCalendarId": "{{ locale }}.wf#holiday@group.v.calendar.google.com"
    },
    "WS": {
      "name": "Samoa",
      "native": "Samoa",
      "phone": "685",
      "continent": "OC",
      "capital": "Apia",
      "currency": "WST",
      "languages": "sm,en",
      "googleHolidaysCalendarId": "{{ locale }}.ws#holiday@group.v.calendar.google.com"
    },
    "XK": {
      "name": "Kosovo",
      "native": "Republika e Kosovës",
      "phone": "377,381,386",
      "continent": "EU",
      "capital": "Pristina",
      "currency": "EUR",
      "languages": "sq,sr"
    },
    "YE": {
      "name": "Yemen",
      "native": "اليَمَن",
      "phone": "967",
      "continent": "AS",
      "capital": "Sana'a",
      "currency": "YER",
      "languages": "ar",
      "googleHolidaysCalendarId": "{{ locale }}.ye#holiday@group.v.calendar.google.com"
    },
    "YT": {
      "name": "Mayotte",
      "native": "Mayotte",
      "phone": "262",
      "continent": "AF",
      "capital": "Mamoudzou",
      "currency": "EUR",
      "languages": "fr",
      "googleHolidaysCalendarId": "{{ locale }}.yt#holiday@group.v.calendar.google.com"
    },
    "ZA": {
      "name": "South Africa",
      "native": "South Africa",
      "phone": "27",
      "continent": "AF",
      "capital": "Pretoria",
      "currency": "ZAR",
      "languages": "af,en,nr,st,ss,tn,ts,ve,xh,zu",
      "googleHolidaysCalendarId": "{{ locale }}.sa#holiday@group.v.calendar.google.com"
    },
    "ZM": {
      "name": "Zambia",
      "native": "Zambia",
      "phone": "260",
      "continent": "AF",
      "capital": "Lusaka",
      "currency": "ZMK",
      "languages": "en",
      "googleHolidaysCalendarId": "{{ locale }}.zm#holiday@group.v.calendar.google.com"
    },
    "ZW": {
      "name": "Zimbabwe",
      "native": "Zimbabwe",
      "phone": "263",
      "continent": "AF",
      "capital": "Harare",
      "currency": "ZWL",
      "languages": "en,sn,nd",
      "googleHolidaysCalendarId": "{{ locale }}.zw#holiday@group.v.calendar.google.com"
    }
  }
}