[
    {
        "date": "2019-01-01",
        "name": "New Year's Day"
    },
    {
        "date": "2019-04-19",
        "name": "Good Friday"
    },
    {
        "date": "2019-04-22",
        "name": "Easter Monday"
    },
    {
        "date": "2019-05-06",
        "name": "Labour Day"
    },
    {
        "date": "2019-06-10",
        "name": "Whit Monday"
    },
    {
        "date": "2019-08-05",
        "name": "Carnival Holiday"
    },
    {
        "date": "2019-08-06",
        "name": "Carnival Holiday"
    },
    {
        "date": "2019-11-01",
        "name": "Independence Day"
    },
    {
        "date": "2019-12-09",
        "name": "National Heroes Day"
    },
    {
        "date": "2019-12-25",
        "name": "Christmas Day"
    },
    {
        "date": "2019-12-26",
        "name": "Boxing Day"
    },
    {
        "date": "2020-01-01",
        "name": "New Year's Day"
    },
    {
        "date": "2020-04-10",
        "name": "Good Friday"
    },
    {
        "date": "2020-04-13",
        "name": "Easter Monday"
    },
    {
        "date": "2020-05-04",
        "name": "Labour Day"
    },
    {
        "date": "2020-06-01",
        "name": "Whit Monday"
    },
    {
        "date": "2020-08-03",
        "name": "Carnival Holiday"
    },
    {
        "date": "2020-08-04",
        "name": "Carnival Holiday"
    },
    {
        "date": "2020-11-01",
        "name": "Independence Day"
    },
    {
        "date": "2020-11-02",
        "name": "Independence Day observed"
    },
    {
        "date": "2020-12-09",
        "name": "National Heroes Day"
    },
    {
        "date": "2020-12-25",
        "name": "Christmas Day"
    },
    {
        "date": "2020-12-26",
        "name": "Boxing Day"
    },
    {
        "date": "2021-01-01",
        "name": "New Year's Day"
    },
    {
        "date": "2021-04-02",
        "name": "Good Friday"
    },
    {
        "date": "2021-04-05",
        "name": "Easter Monday"
    },
    {
        "date": "2021-05-03",
        "name": "Labour Day"
    },
    {
        "date": "2021-05-24",
        "name": "Whit Monday"
    },
    {
        "date": "2021-08-02",
        "name": "Carnival Holiday"
    },
    {
        "date": "2021-08-03",
        "name": "Carnival Holiday"
    },
    {
        "date": "2021-08-26",
        "name": "Public Holiday"
    },
    {
        "date": "2021-11-01",
        "name": "Independence Day"
    },
    {
        "date": "2021-12-09",
        "name": "National Heroes Day"
    },
    {
        "date": "2021-12-25",
        "name": "Christmas Day"
    },
    {
        "date": "2021-12-26",
        "name": "Boxing Day"
    },
    {
        "date": "2021-12-27",
        "name": "Christmas Day observed"
    },
    {
        "date": "2022-01-01",
        "name": "New Year's Day"
    },
    {
        "date": "2022-04-15",
        "name": "Good Friday"
    },
    {
        "date": "2022-04-18",
        "name": "Easter Monday"
    },
    {
        "date": "2022-05-02",
        "name": "Labour Day"
    },
    {
        "date": "2022-06-06",
        "name": "Whit Monday"
    },
    {
        "date": "2022-08-01",
        "name": "Carnival Holiday"
    },
    {
        "date": "2022-08-02",
        "name": "Carnival Holiday"
    },
    {
        "date": "2022-10-26",
        "name": "National Heroes Day"
    },
    {
        "date": "2022-11-01",
        "name": "Independence Day"
    },
    {
        "date": "2022-12-09",
        "name": "V.C. Bird Day"
    },
    {
        "date": "2022-12-25",
        "name": "Christmas Day"
    },
    {
        "date": "2022-12-26",
        "name": "Boxing Day"
    },
    {
        "date": "2022-12-27",
        "name": "Day off for Christmas Day"
    },
    {
        "date": "2023-01-01",
        "name": "New Year's Day"
    },
    {
        "date": "2023-01-02",
        "name": "Day off for New Year's Day"
    },
    {
        "date": "2023-04-07",
        "name": "Good Friday"
    },
    {
        "date": "2023-04-10",
        "name": "Easter Monday"
    },
    {
        "date": "2023-05-01",
        "name": "Labour Day"
    },
    {
        "date": "2023-05-29",
        "name": "Whit Monday"
    },
    {
        "date": "2023-08-07",
        "name": "Carnival Holiday"
    },
    {
        "date": "2023-08-08",
        "name": "Carnival Holiday"
    },
    {
        "date": "2023-10-26",
        "name": "National Heroes Day"
    },
    {
        "date": "2023-11-01",
        "name": "Independence Day"
    },
    {
        "date": "2023-12-09",
        "name": "V.C. Bird Day"
    },
    {
        "date": "2023-12-25",
        "name": "Christmas Day"
    },
    {
        "date": "2023-12-26",
        "name": "Boxing Day"
    }
]