[
    {
        "date": "2019-01-01",
        "name": "New Year's Day"
    },
    {
        "date": "2019-01-21",
        "name": "Errol Barrow Day"
    },
    {
        "date": "2019-02-14",
        "name": "Valentine's Day"
    },
    {
        "date": "2019-04-19",
        "name": "Good Friday"
    },
    {
        "date": "2019-04-21",
        "name": "Easter Sunday"
    },
    {
        "date": "2019-04-22",
        "name": "Easter Monday"
    },
    {
        "date": "2019-04-28",
        "name": "National Heroes Day"
    },
    {
        "date": "2019-04-29",
        "name": "National Heroes Day observed"
    },
    {
        "date": "2019-05-01",
        "name": "Labor Day \/ May Day"
    },
    {
        "date": "2019-05-12",
        "name": "Mothers' Day"
    },
    {
        "date": "2019-06-09",
        "name": "Whit Sunday"
    },
    {
        "date": "2019-06-10",
        "name": "Whit Monday"
    },
    {
        "date": "2019-06-16",
        "name": "Fathers' Day"
    },
    {
        "date": "2019-08-01",
        "name": "Emancipation Day"
    },
    {
        "date": "2019-08-05",
        "name": "Kadooment Day"
    },
    {
        "date": "2019-10-31",
        "name": "Halloween"
    },
    {
        "date": "2019-11-30",
        "name": "Independence Day"
    },
    {
        "date": "2019-12-24",
        "name": "Christmas Eve"
    },
    {
        "date": "2019-12-25",
        "name": "Christmas Day"
    },
    {
        "date": "2019-12-26",
        "name": "Boxing Day"
    },
    {
        "date": "2019-12-31",
        "name": "Old Year's Night"
    },
    {
        "date": "2020-01-01",
        "name": "New Year's Day"
    },
    {
        "date": "2020-01-21",
        "name": "Errol Barrow Day"
    },
    {
        "date": "2020-02-14",
        "name": "Valentine's Day"
    },
    {
        "date": "2020-04-10",
        "name": "Good Friday"
    },
    {
        "date": "2020-04-12",
        "name": "Easter Sunday"
    },
    {
        "date": "2020-04-13",
        "name": "Easter Monday"
    },
    {
        "date": "2020-04-28",
        "name": "National Heroes Day"
    },
    {
        "date": "2020-05-01",
        "name": "Labor Day \/ May Day"
    },
    {
        "date": "2020-05-10",
        "name": "Mothers' Day"
    },
    {
        "date": "2020-05-31",
        "name": "Whit Sunday"
    },
    {
        "date": "2020-06-01",
        "name": "Whit Monday"
    },
    {
        "date": "2020-06-21",
        "name": "Fathers' Day"
    },
    {
        "date": "2020-08-01",
        "name": "Emancipation Day"
    },
    {
        "date": "2020-08-03",
        "name": "Kadooment Day"
    },
    {
        "date": "2020-10-31",
        "name": "Halloween"
    },
    {
        "date": "2020-11-30",
        "name": "Independence Day"
    },
    {
        "date": "2020-12-24",
        "name": "Christmas Eve"
    },
    {
        "date": "2020-12-25",
        "name": "Christmas Day"
    },
    {
        "date": "2020-12-26",
        "name": "Boxing Day"
    },
    {
        "date": "2020-12-31",
        "name": "Old Year's Night"
    },
    {
        "date": "2021-01-01",
        "name": "New Year's Day"
    },
    {
        "date": "2021-01-21",
        "name": "Errol Barrow Day"
    },
    {
        "date": "2021-02-14",
        "name": "Valentine's Day"
    },
    {
        "date": "2021-04-02",
        "name": "Good Friday"
    },
    {
        "date": "2021-04-04",
        "name": "Easter Sunday"
    },
    {
        "date": "2021-04-05",
        "name": "Easter Monday"
    },
    {
        "date": "2021-04-28",
        "name": "National Heroes Day"
    },
    {
        "date": "2021-05-01",
        "name": "Labor Day \/ May Day"
    },
    {
        "date": "2021-05-09",
        "name": "Mothers' Day"
    },
    {
        "date": "2021-05-23",
        "name": "Whit Sunday"
    },
    {
        "date": "2021-05-24",
        "name": "Whit Monday"
    },
    {
        "date": "2021-06-20",
        "name": "Fathers' Day"
    },
    {
        "date": "2021-08-01",
        "name": "Emancipation Day"
    },
    {
        "date": "2021-08-02",
        "name": "Kadooment Day"
    },
    {
        "date": "2021-08-03",
        "name": "Day off for Emancipation Day"
    },
    {
        "date": "2021-10-31",
        "name": "Halloween"
    },
    {
        "date": "2021-11-30",
        "name": "Independence Day"
    },
    {
        "date": "2021-12-24",
        "name": "Christmas Eve"
    },
    {
        "date": "2021-12-25",
        "name": "Christmas Day"
    },
    {
        "date": "2021-12-26",
        "name": "Boxing Day"
    },
    {
        "date": "2021-12-27",
        "name": "Day off for Boxing Day"
    },
    {
        "date": "2021-12-31",
        "name": "Old Year's Night"
    },
    {
        "date": "2022-01-01",
        "name": "New Year's Day"
    },
    {
        "date": "2022-01-21",
        "name": "Errol Barrow Day"
    },
    {
        "date": "2022-02-14",
        "name": "Valentine's Day"
    },
    {
        "date": "2022-04-15",
        "name": "Good Friday"
    },
    {
        "date": "2022-04-17",
        "name": "Easter Sunday"
    },
    {
        "date": "2022-04-18",
        "name": "Easter Monday"
    },
    {
        "date": "2022-04-28",
        "name": "National Heroes Day"
    },
    {
        "date": "2022-05-01",
        "name": "Labor Day \/ May Day"
    },
    {
        "date": "2022-05-02",
        "name": "Day off for Labor Day \/ May Day"
    },
    {
        "date": "2022-05-08",
        "name": "Mothers' Day"
    },
    {
        "date": "2022-06-05",
        "name": "Whit Sunday"
    },
    {
        "date": "2022-06-06",
        "name": "Whit Monday"
    },
    {
        "date": "2022-06-19",
        "name": "Fathers' Day"
    },
    {
        "date": "2022-08-01",
        "name": "Emancipation Day"
    },
    {
        "date": "2022-08-01",
        "name": "Kadooment Day"
    },
    {
        "date": "2022-08-02",
        "name": "Day off for Emancipation Day"
    },
    {
        "date": "2022-10-31",
        "name": "Halloween"
    },
    {
        "date": "2022-11-30",
        "name": "Independence Day"
    },
    {
        "date": "2022-12-24",
        "name": "Christmas Eve"
    },
    {
        "date": "2022-12-25",
        "name": "Christmas Day"
    },
    {
        "date": "2022-12-26",
        "name": "Boxing Day"
    },
    {
        "date": "2022-12-27",
        "name": "Day off for Christmas Day"
    },
    {
        "date": "2022-12-31",
        "name": "Old Year's Night"
    },
    {
        "date": "2023-01-01",
        "name": "New Year's Day"
    },
    {
        "date": "2023-01-02",
        "name": "Day off for New Year's Day"
    },
    {
        "date": "2023-01-21",
        "name": "Errol Barrow Day"
    },
    {
        "date": "2023-02-14",
        "name": "Valentine's Day"
    },
    {
        "date": "2023-04-07",
        "name": "Good Friday"
    },
    {
        "date": "2023-04-09",
        "name": "Easter Sunday"
    },
    {
        "date": "2023-04-10",
        "name": "Easter Monday"
    },
    {
        "date": "2023-04-28",
        "name": "National Heroes Day"
    },
    {
        "date": "2023-05-01",
        "name": "Labor Day \/ May Day"
    },
    {
        "date": "2023-05-14",
        "name": "Mothers' Day"
    },
    {
        "date": "2023-05-28",
        "name": "Whit Sunday"
    },
    {
        "date": "2023-05-29",
        "name": "Whit Monday"
    },
    {
        "date": "2023-06-18",
        "name": "Fathers' Day"
    },
    {
        "date": "2023-08-01",
        "name": "Emancipation Day"
    },
    {
        "date": "2023-08-07",
        "name": "Kadooment Day"
    },
    {
        "date": "2023-10-31",
        "name": "Halloween"
    },
    {
        "date": "2023-11-30",
        "name": "Independence Day"
    },
    {
        "date": "2023-12-24",
        "name": "Christmas Eve"
    },
    {
        "date": "2023-12-25",
        "name": "Christmas Day"
    },
    {
        "date": "2023-12-26",
        "name": "Boxing Day"
    },
    {
        "date": "2023-12-31",
        "name": "Old Year's Night"
    }
]