[
    {
        "date": "2019-01-01",
        "name": "New Year's Day"
    },
    {
        "date": "2019-03-11",
        "name": "National Heroes and Benefactors Day"
    },
    {
        "date": "2019-04-19",
        "name": "Good Friday"
    },
    {
        "date": "2019-04-20",
        "name": "Holy Saturday"
    },
    {
        "date": "2019-04-22",
        "name": "Easter Monday"
    },
    {
        "date": "2019-05-01",
        "name": "Labor Day \/ May Day"
    },
    {
        "date": "2019-05-24",
        "name": "Commonwealth Day"
    },
    {
        "date": "2019-05-27",
        "name": "Day off for Commonwealth Day"
    },
    {
        "date": "2019-09-10",
        "name": "St. George's Caye Day"
    },
    {
        "date": "2019-09-21",
        "name": "Independence Day"
    },
    {
        "date": "2019-09-23",
        "name": "Day off for Independence Day"
    },
    {
        "date": "2019-10-14",
        "name": "Pan American Day"
    },
    {
        "date": "2019-11-19",
        "name": "Garifuna Settlement Day"
    },
    {
        "date": "2019-12-25",
        "name": "Christmas Day"
    },
    {
        "date": "2019-12-26",
        "name": "Boxing Day"
    },
    {
        "date": "2020-01-01",
        "name": "New Year's Day"
    },
    {
        "date": "2020-03-09",
        "name": "National Heroes and Benefactors Day"
    },
    {
        "date": "2020-04-10",
        "name": "Good Friday"
    },
    {
        "date": "2020-04-11",
        "name": "Holy Saturday"
    },
    {
        "date": "2020-04-13",
        "name": "Easter Monday"
    },
    {
        "date": "2020-05-01",
        "name": "Labor Day \/ May Day"
    },
    {
        "date": "2020-05-24",
        "name": "Commonwealth Day"
    },
    {
        "date": "2020-05-25",
        "name": "Day off for Commonwealth Day"
    },
    {
        "date": "2020-09-10",
        "name": "St. George's Caye Day"
    },
    {
        "date": "2020-09-21",
        "name": "Independence Day"
    },
    {
        "date": "2020-10-12",
        "name": "Pan American Day"
    },
    {
        "date": "2020-11-19",
        "name": "Garifuna Settlement Day"
    },
    {
        "date": "2020-12-25",
        "name": "Christmas Day"
    },
    {
        "date": "2020-12-26",
        "name": "Boxing Day"
    },
    {
        "date": "2020-12-28",
        "name": "Day off for Boxing Day"
    },
    {
        "date": "2021-01-01",
        "name": "New Year's Day"
    },
    {
        "date": "2021-03-08",
        "name": "National Heroes and Benefactors Day"
    },
    {
        "date": "2021-04-02",
        "name": "Good Friday"
    },
    {
        "date": "2021-04-03",
        "name": "Holy Saturday"
    },
    {
        "date": "2021-04-05",
        "name": "Easter Monday"
    },
    {
        "date": "2021-05-01",
        "name": "Labor Day \/ May Day"
    },
    {
        "date": "2021-05-24",
        "name": "Commonwealth Day"
    },
    {
        "date": "2021-09-10",
        "name": "St. George's Caye Day"
    },
    {
        "date": "2021-09-21",
        "name": "Independence Day"
    },
    {
        "date": "2021-10-11",
        "name": "Pan American Day"
    },
    {
        "date": "2021-11-19",
        "name": "Garifuna Settlement Day"
    },
    {
        "date": "2021-12-25",
        "name": "Christmas Day"
    },
    {
        "date": "2021-12-26",
        "name": "Boxing Day"
    },
    {
        "date": "2021-12-28",
        "name": "Day off for Boxing Day"
    },
    {
        "date": "2022-01-01",
        "name": "New Year's Day"
    },
    {
        "date": "2022-03-07",
        "name": "National Heroes and Benefactors Day"
    },
    {
        "date": "2022-04-15",
        "name": "Good Friday"
    },
    {
        "date": "2022-04-16",
        "name": "Holy Saturday"
    },
    {
        "date": "2022-04-18",
        "name": "Easter Monday"
    },
    {
        "date": "2022-05-01",
        "name": "Labor Day \/ May Day"
    },
    {
        "date": "2022-05-02",
        "name": "Day off for Labor Day \/ May Day"
    },
    {
        "date": "2022-05-23",
        "name": "Day off for Commonwealth Day"
    },
    {
        "date": "2022-05-24",
        "name": "Commonwealth Day"
    },
    {
        "date": "2022-08-01",
        "name": "Emancipation Day"
    },
    {
        "date": "2022-09-10",
        "name": "St. George's Caye Day"
    },
    {
        "date": "2022-09-21",
        "name": "Independence Day"
    },
    {
        "date": "2022-10-10",
        "name": "El D\u00eda de la Raza"
    },
    {
        "date": "2022-11-19",
        "name": "Garifuna Settlement Day"
    },
    {
        "date": "2022-12-25",
        "name": "Christmas Day"
    },
    {
        "date": "2022-12-26",
        "name": "Boxing Day"
    },
    {
        "date": "2023-01-01",
        "name": "New Year's Day"
    },
    {
        "date": "2023-01-02",
        "name": "Day off for New Year's Day"
    },
    {
        "date": "2023-01-15",
        "name": "George Price Day"
    },
    {
        "date": "2023-01-16",
        "name": "Day off for George Price Day"
    },
    {
        "date": "2023-03-06",
        "name": "National Heroes and Benefactors Day"
    },
    {
        "date": "2023-04-07",
        "name": "Good Friday"
    },
    {
        "date": "2023-04-08",
        "name": "Holy Saturday"
    },
    {
        "date": "2023-04-10",
        "name": "Easter Monday"
    },
    {
        "date": "2023-05-01",
        "name": "Labor Day \/ May Day"
    },
    {
        "date": "2023-08-01",
        "name": "Emancipation Day"
    },
    {
        "date": "2023-09-10",
        "name": "St. George's Caye Day"
    },
    {
        "date": "2023-09-11",
        "name": "Day off for St. George's Caye Day"
    },
    {
        "date": "2023-09-21",
        "name": "Independence Day"
    },
    {
        "date": "2023-10-09",
        "name": "El D\u00eda de la Raza"
    },
    {
        "date": "2023-11-19",
        "name": "Garifuna Settlement Day"
    },
    {
        "date": "2023-11-20",
        "name": "Day off for Garifuna Settlement Day"
    },
    {
        "date": "2023-12-25",
        "name": "Christmas Day"
    },
    {
        "date": "2023-12-26",
        "name": "Boxing Day"
    }
]