[
    {
        "date": "2019-01-01",
        "name": "New Year"
    },
    {
        "date": "2019-04-22",
        "name": "Easter Monday"
    },
    {
        "date": "2019-05-01",
        "name": "Labor Day"
    },
    {
        "date": "2019-05-30",
        "name": "Ascension Day"
    },
    {
        "date": "2019-06-01",
        "name": "Day After Laila tou-Kadr"
    },
    {
        "date": "2019-06-04",
        "name": "Aid el-Fitr"
    },
    {
        "date": "2019-06-10",
        "name": "Whit Monday"
    },
    {
        "date": "2019-08-07",
        "name": "Independence Day"
    },
    {
        "date": "2019-08-11",
        "name": "Aid el-Kebir"
    },
    {
        "date": "2019-08-15",
        "name": "Assumption of Mary"
    },
    {
        "date": "2019-11-01",
        "name": "All Saints Day"
    },
    {
        "date": "2019-11-11",
        "name": "The Day After Prophet's Birthday"
    },
    {
        "date": "2019-11-15",
        "name": "National Peace Day"
    },
    {
        "date": "2019-12-25",
        "name": "Christmas Day"
    },
    {
        "date": "2020-01-01",
        "name": "New Year"
    },
    {
        "date": "2020-04-13",
        "name": "Easter Monday"
    },
    {
        "date": "2020-05-01",
        "name": "Labor Day"
    },
    {
        "date": "2020-05-20",
        "name": "Day After Laila tou-Kadr"
    },
    {
        "date": "2020-05-21",
        "name": "Ascension Day"
    },
    {
        "date": "2020-05-23",
        "name": "Aid el-Fitr"
    },
    {
        "date": "2020-06-01",
        "name": "Whit Monday"
    },
    {
        "date": "2020-07-31",
        "name": "Aid el-Kebir"
    },
    {
        "date": "2020-08-07",
        "name": "Independence Day"
    },
    {
        "date": "2020-08-15",
        "name": "Assumption of Mary"
    },
    {
        "date": "2020-10-30",
        "name": "The Day After Prophet's Birthday"
    },
    {
        "date": "2020-11-01",
        "name": "All Saints Day"
    },
    {
        "date": "2020-11-15",
        "name": "National Peace Day"
    },
    {
        "date": "2020-11-16",
        "name": "National Peace Day observed"
    },
    {
        "date": "2020-12-25",
        "name": "Christmas Day"
    },
    {
        "date": "2021-01-01",
        "name": "New Year"
    },
    {
        "date": "2021-04-05",
        "name": "Easter Monday"
    },
    {
        "date": "2021-05-01",
        "name": "Labor Day"
    },
    {
        "date": "2021-05-09",
        "name": "Day After Laila tou-Kadr"
    },
    {
        "date": "2021-05-13",
        "name": "Aid el-Fitr"
    },
    {
        "date": "2021-05-13",
        "name": "Ascension Day"
    },
    {
        "date": "2021-05-24",
        "name": "Whit Monday"
    },
    {
        "date": "2021-07-20",
        "name": "Aid el-Kebir"
    },
    {
        "date": "2021-08-07",
        "name": "Independence Day"
    },
    {
        "date": "2021-08-15",
        "name": "Assumption of Mary"
    },
    {
        "date": "2021-10-20",
        "name": "The Day After Prophet's Birthday"
    },
    {
        "date": "2021-11-01",
        "name": "All Saints Day"
    },
    {
        "date": "2021-11-15",
        "name": "National Peace Day"
    },
    {
        "date": "2021-12-25",
        "name": "Christmas Day"
    },
    {
        "date": "2022-01-01",
        "name": "New Year"
    },
    {
        "date": "2022-04-18",
        "name": "Easter Monday"
    },
    {
        "date": "2022-04-29",
        "name": "Day After Laila tou-Kadr"
    },
    {
        "date": "2022-05-01",
        "name": "Labor Day"
    },
    {
        "date": "2022-05-02",
        "name": "Labor Day observed"
    },
    {
        "date": "2022-05-03",
        "name": "Aid el-Fitr"
    },
    {
        "date": "2022-05-26",
        "name": "Ascension Day"
    },
    {
        "date": "2022-06-06",
        "name": "Whit Monday"
    },
    {
        "date": "2022-07-10",
        "name": "Aid el-Kebir"
    },
    {
        "date": "2022-08-07",
        "name": "Independence Day"
    },
    {
        "date": "2022-08-08",
        "name": "Day off for Independence Day"
    },
    {
        "date": "2022-08-15",
        "name": "Assumption of Mary"
    },
    {
        "date": "2022-10-08",
        "name": "The Day After Prophet's Birthday"
    },
    {
        "date": "2022-11-01",
        "name": "All Saints Day"
    },
    {
        "date": "2022-11-15",
        "name": "National Peace Day"
    },
    {
        "date": "2022-12-25",
        "name": "Christmas Day"
    },
    {
        "date": "2022-12-26",
        "name": "Day off for Christmas Day"
    },
    {
        "date": "2023-01-01",
        "name": "New Year"
    },
    {
        "date": "2023-04-10",
        "name": "Easter Monday"
    },
    {
        "date": "2023-04-18",
        "name": "Day After Laila tou-Kadr"
    },
    {
        "date": "2023-04-22",
        "name": "Aid el-Fitr"
    },
    {
        "date": "2023-05-01",
        "name": "Labor Day"
    },
    {
        "date": "2023-05-18",
        "name": "Ascension Day"
    },
    {
        "date": "2023-05-29",
        "name": "Whit Monday"
    },
    {
        "date": "2023-06-29",
        "name": "Aid el-Kebir"
    },
    {
        "date": "2023-08-07",
        "name": "Independence Day"
    },
    {
        "date": "2023-08-15",
        "name": "Assumption of Mary"
    },
    {
        "date": "2023-09-27",
        "name": "The Day After Prophet's Birthday"
    },
    {
        "date": "2023-11-01",
        "name": "All Saints Day"
    },
    {
        "date": "2023-11-15",
        "name": "National Peace Day"
    },
    {
        "date": "2023-12-25",
        "name": "Christmas Day"
    }
]