[
    {
        "date": "2019-01-01",
        "name": "New Year's Day"
    },
    {
        "date": "2019-01-02",
        "name": "Day After New Year's Day"
    },
    {
        "date": "2019-04-19",
        "name": "Good Friday"
    },
    {
        "date": "2019-04-22",
        "name": "Easter Monday"
    },
    {
        "date": "2019-04-25",
        "name": "ANZAC Day"
    },
    {
        "date": "2019-06-03",
        "name": "Queen's Birthday"
    },
    {
        "date": "2019-08-04",
        "name": "Constitution Day"
    },
    {
        "date": "2019-08-05",
        "name": "Constitution Day observed"
    },
    {
        "date": "2019-10-26",
        "name": "Gospel Day"
    },
    {
        "date": "2019-10-28",
        "name": "Gospel Day observed"
    },
    {
        "date": "2019-12-25",
        "name": "Christmas Day"
    },
    {
        "date": "2019-12-26",
        "name": "Boxing Day"
    },
    {
        "date": "2020-01-01",
        "name": "New Year's Day"
    },
    {
        "date": "2020-01-02",
        "name": "Day After New Year's Day"
    },
    {
        "date": "2020-04-10",
        "name": "Good Friday"
    },
    {
        "date": "2020-04-13",
        "name": "Easter Monday"
    },
    {
        "date": "2020-04-25",
        "name": "ANZAC Day"
    },
    {
        "date": "2020-06-01",
        "name": "Queen's Birthday"
    },
    {
        "date": "2020-08-04",
        "name": "Constitution Day"
    },
    {
        "date": "2020-10-26",
        "name": "Gospel Day"
    },
    {
        "date": "2020-12-25",
        "name": "Christmas Day"
    },
    {
        "date": "2020-12-26",
        "name": "Boxing Day"
    },
    {
        "date": "2020-12-28",
        "name": "Boxing Day observed"
    },
    {
        "date": "2021-01-01",
        "name": "New Year's Day"
    },
    {
        "date": "2021-01-02",
        "name": "Day After New Year's Day"
    },
    {
        "date": "2021-01-04",
        "name": "Day After New Year's Day observed"
    },
    {
        "date": "2021-04-02",
        "name": "Good Friday"
    },
    {
        "date": "2021-04-05",
        "name": "Easter Monday"
    },
    {
        "date": "2021-04-25",
        "name": "ANZAC Day"
    },
    {
        "date": "2021-04-26",
        "name": "ANZAC Day observed"
    },
    {
        "date": "2021-06-07",
        "name": "Queen's Birthday"
    },
    {
        "date": "2021-07-02",
        "name": "Ui Ariki Day"
    },
    {
        "date": "2021-08-04",
        "name": "Constitution Day"
    },
    {
        "date": "2021-10-26",
        "name": "Gospel Day"
    },
    {
        "date": "2021-12-25",
        "name": "Christmas Day"
    },
    {
        "date": "2021-12-26",
        "name": "Boxing Day"
    },
    {
        "date": "2021-12-27",
        "name": "Christmas Day observed"
    },
    {
        "date": "2021-12-28",
        "name": "Boxing Day observed"
    },
    {
        "date": "2022-01-01",
        "name": "New Year's Day"
    },
    {
        "date": "2022-01-02",
        "name": "Day After New Year's Day"
    },
    {
        "date": "2022-01-03",
        "name": "New Year's Day observed"
    },
    {
        "date": "2022-01-04",
        "name": "Day After New Year's Day observed"
    },
    {
        "date": "2022-04-15",
        "name": "Good Friday"
    },
    {
        "date": "2022-04-18",
        "name": "Easter Monday"
    },
    {
        "date": "2022-04-25",
        "name": "ANZAC Day"
    },
    {
        "date": "2022-06-06",
        "name": "Queen's Birthday"
    },
    {
        "date": "2022-07-01",
        "name": "Ui Ariki Day"
    },
    {
        "date": "2022-08-04",
        "name": "Constitution Day"
    },
    {
        "date": "2022-10-26",
        "name": "Gospel Day"
    },
    {
        "date": "2022-12-25",
        "name": "Christmas Day"
    },
    {
        "date": "2022-12-26",
        "name": "Boxing Day"
    },
    {
        "date": "2022-12-26",
        "name": "Christmas Day observed"
    },
    {
        "date": "2022-12-27",
        "name": "Boxing Day observed"
    },
    {
        "date": "2023-01-01",
        "name": "New Year's Day"
    },
    {
        "date": "2023-01-02",
        "name": "Day After New Year's Day"
    },
    {
        "date": "2023-01-02",
        "name": "New Year's Day observed"
    },
    {
        "date": "2023-01-03",
        "name": "Day After New Year's Day observed"
    },
    {
        "date": "2023-04-07",
        "name": "Good Friday"
    },
    {
        "date": "2023-04-09",
        "name": "Easter Sunday"
    },
    {
        "date": "2023-04-10",
        "name": "Easter Monday"
    },
    {
        "date": "2023-04-25",
        "name": "ANZAC Day"
    },
    {
        "date": "2023-06-05",
        "name": "Queen Elizabeth II's Birthday"
    },
    {
        "date": "2023-07-07",
        "name": "Ui Ariki Day"
    },
    {
        "date": "2023-08-04",
        "name": "Constitution Day"
    },
    {
        "date": "2023-10-26",
        "name": "Gospel Day"
    },
    {
        "date": "2023-12-25",
        "name": "Christmas Day"
    },
    {
        "date": "2023-12-26",
        "name": "Boxing Day"
    }
]