[
    {
        "date": "2019-01-01",
        "name": "New Year's Day"
    },
    {
        "date": "2019-02-04",
        "name": "Spring Festival Eve"
    },
    {
        "date": "2019-02-05",
        "name": "Chinese New Year"
    },
    {
        "date": "2019-02-06",
        "name": "Spring Festival Golden Week holiday"
    },
    {
        "date": "2019-02-07",
        "name": "Spring Festival Golden Week holiday"
    },
    {
        "date": "2019-02-08",
        "name": "Spring Festival Golden Week holiday"
    },
    {
        "date": "2019-02-09",
        "name": "Spring Festival Golden Week holiday"
    },
    {
        "date": "2019-02-10",
        "name": "Spring Festival Golden Week holiday"
    },
    {
        "date": "2019-02-19",
        "name": "Lantern Festival"
    },
    {
        "date": "2019-03-08",
        "name": "International Women's Day"
    },
    {
        "date": "2019-03-08",
        "name": "Zhonghe Festival"
    },
    {
        "date": "2019-03-12",
        "name": "Arbor Day"
    },
    {
        "date": "2019-04-05",
        "name": "Qing Ming Jie"
    },
    {
        "date": "2019-04-06",
        "name": "Qing Ming Jie holiday"
    },
    {
        "date": "2019-04-07",
        "name": "Qing Ming Jie holiday"
    },
    {
        "date": "2019-05-01",
        "name": "Labour Day"
    },
    {
        "date": "2019-05-02",
        "name": "Labour Day Holiday"
    },
    {
        "date": "2019-05-03",
        "name": "Labour Day Holiday"
    },
    {
        "date": "2019-05-04",
        "name": "Youth Day"
    },
    {
        "date": "2019-06-01",
        "name": "Children's Day"
    },
    {
        "date": "2019-06-07",
        "name": "Dragon Boat Festival"
    },
    {
        "date": "2019-08-01",
        "name": "Army Day"
    },
    {
        "date": "2019-08-07",
        "name": "Chinese Valentine's Day"
    },
    {
        "date": "2019-08-15",
        "name": "Spirit Festival"
    },
    {
        "date": "2019-09-10",
        "name": "Teachers' Day"
    },
    {
        "date": "2019-09-13",
        "name": "Mid-Autumn Festival"
    },
    {
        "date": "2019-10-01",
        "name": "National Day"
    },
    {
        "date": "2019-10-02",
        "name": "National Day Golden Week holiday"
    },
    {
        "date": "2019-10-03",
        "name": "National Day Golden Week holiday"
    },
    {
        "date": "2019-10-04",
        "name": "National Day Golden Week holiday"
    },
    {
        "date": "2019-10-05",
        "name": "National Day Golden Week holiday"
    },
    {
        "date": "2019-10-06",
        "name": "National Day Golden Week holiday"
    },
    {
        "date": "2019-10-07",
        "name": "Double Ninth Festival"
    },
    {
        "date": "2019-10-07",
        "name": "National Day Golden Week holiday"
    },
    {
        "date": "2019-12-25",
        "name": "Christmas Day"
    },
    {
        "date": "2020-01-01",
        "name": "New Year's Day"
    },
    {
        "date": "2020-01-24",
        "name": "Spring Festival Eve"
    },
    {
        "date": "2020-01-25",
        "name": "Chinese New Year"
    },
    {
        "date": "2020-01-26",
        "name": "Spring Festival Golden Week holiday"
    },
    {
        "date": "2020-01-27",
        "name": "Spring Festival Golden Week holiday"
    },
    {
        "date": "2020-01-28",
        "name": "Spring Festival Golden Week holiday"
    },
    {
        "date": "2020-01-29",
        "name": "Spring Festival Golden Week holiday"
    },
    {
        "date": "2020-01-30",
        "name": "Spring Festival Golden Week holiday"
    },
    {
        "date": "2020-01-31",
        "name": "Spring Festival Golden Week Extended Holiday"
    },
    {
        "date": "2020-02-01",
        "name": "Spring Festival Golden Week Extended Holiday"
    },
    {
        "date": "2020-02-02",
        "name": "Spring Festival Golden Week Extended Holiday"
    },
    {
        "date": "2020-02-08",
        "name": "Lantern Festival"
    },
    {
        "date": "2020-02-24",
        "name": "Zhonghe Festival"
    },
    {
        "date": "2020-03-08",
        "name": "International Women's Day"
    },
    {
        "date": "2020-03-12",
        "name": "Arbor Day"
    },
    {
        "date": "2020-04-04",
        "name": "Qing Ming Jie"
    },
    {
        "date": "2020-04-05",
        "name": "Qing Ming Jie holiday"
    },
    {
        "date": "2020-04-06",
        "name": "Qing Ming Jie holiday"
    },
    {
        "date": "2020-05-01",
        "name": "Labour Day"
    },
    {
        "date": "2020-05-02",
        "name": "Labour Day Holiday"
    },
    {
        "date": "2020-05-03",
        "name": "Labour Day Holiday"
    },
    {
        "date": "2020-05-04",
        "name": "Labour Day Holiday"
    },
    {
        "date": "2020-05-04",
        "name": "Youth Day"
    },
    {
        "date": "2020-05-05",
        "name": "Labour Day Holiday"
    },
    {
        "date": "2020-06-01",
        "name": "Children's Day"
    },
    {
        "date": "2020-06-25",
        "name": "Dragon Boat Festival"
    },
    {
        "date": "2020-06-26",
        "name": "Dragon Boat Festival holiday"
    },
    {
        "date": "2020-06-27",
        "name": "Dragon Boat Festival holiday"
    },
    {
        "date": "2020-08-01",
        "name": "Army Day"
    },
    {
        "date": "2020-08-25",
        "name": "Chinese Valentine's Day"
    },
    {
        "date": "2020-09-02",
        "name": "Spirit Festival"
    },
    {
        "date": "2020-09-10",
        "name": "Teachers' Day"
    },
    {
        "date": "2020-10-01",
        "name": "Mid-Autumn Festival"
    },
    {
        "date": "2020-10-01",
        "name": "National Day"
    },
    {
        "date": "2020-10-02",
        "name": "National Day Golden Week holiday"
    },
    {
        "date": "2020-10-03",
        "name": "National Day Golden Week holiday"
    },
    {
        "date": "2020-10-04",
        "name": "National Day Golden Week holiday"
    },
    {
        "date": "2020-10-05",
        "name": "National Day Golden Week holiday"
    },
    {
        "date": "2020-10-06",
        "name": "National Day Golden Week holiday"
    },
    {
        "date": "2020-10-07",
        "name": "National Day Golden Week holiday"
    },
    {
        "date": "2020-10-08",
        "name": "National Day Golden Week holiday"
    },
    {
        "date": "2020-10-25",
        "name": "Double Ninth Festival"
    },
    {
        "date": "2020-12-25",
        "name": "Christmas Day"
    },
    {
        "date": "2021-01-01",
        "name": "New Year's Day"
    },
    {
        "date": "2021-01-02",
        "name": "New Year's Holiday"
    },
    {
        "date": "2021-01-03",
        "name": "New Year's Holiday"
    },
    {
        "date": "2021-02-11",
        "name": "Spring Festival Eve"
    },
    {
        "date": "2021-02-12",
        "name": "Chinese New Year"
    },
    {
        "date": "2021-02-13",
        "name": "Spring Festival Golden Week holiday"
    },
    {
        "date": "2021-02-14",
        "name": "Spring Festival Golden Week holiday"
    },
    {
        "date": "2021-02-15",
        "name": "Spring Festival Golden Week holiday"
    },
    {
        "date": "2021-02-16",
        "name": "Spring Festival Golden Week holiday"
    },
    {
        "date": "2021-02-17",
        "name": "Spring Festival Golden Week holiday"
    },
    {
        "date": "2021-02-26",
        "name": "Lantern Festival"
    },
    {
        "date": "2021-03-08",
        "name": "International Women's Day"
    },
    {
        "date": "2021-03-12",
        "name": "Arbor Day"
    },
    {
        "date": "2021-03-14",
        "name": "Zhonghe Festival"
    },
    {
        "date": "2021-04-03",
        "name": "Qing Ming Jie holiday"
    },
    {
        "date": "2021-04-04",
        "name": "Qing Ming Jie holiday"
    },
    {
        "date": "2021-04-05",
        "name": "Qing Ming Jie"
    },
    {
        "date": "2021-05-01",
        "name": "Labour Day"
    },
    {
        "date": "2021-05-02",
        "name": "Labour Day Holiday"
    },
    {
        "date": "2021-05-03",
        "name": "Labour Day Holiday"
    },
    {
        "date": "2021-05-04",
        "name": "Labour Day Holiday"
    },
    {
        "date": "2021-05-04",
        "name": "Youth Day"
    },
    {
        "date": "2021-05-05",
        "name": "Labour Day Holiday"
    },
    {
        "date": "2021-06-12",
        "name": "Dragon Boat Festival holiday"
    },
    {
        "date": "2021-06-13",
        "name": "Dragon Boat Festival holiday"
    },
    {
        "date": "2021-06-14",
        "name": "Dragon Boat Festival"
    },
    {
        "date": "2021-08-14",
        "name": "Chinese Valentine's Day"
    },
    {
        "date": "2021-08-22",
        "name": "Spirit Festival"
    },
    {
        "date": "2021-09-10",
        "name": "Teachers' Day"
    },
    {
        "date": "2021-09-19",
        "name": "Mid-Autumn Festival holiday"
    },
    {
        "date": "2021-09-20",
        "name": "Mid-Autumn Festival holiday"
    },
    {
        "date": "2021-09-21",
        "name": "Mid-Autumn Festival"
    },
    {
        "date": "2021-10-01",
        "name": "National Day"
    },
    {
        "date": "2021-10-02",
        "name": "National Day Golden Week holiday"
    },
    {
        "date": "2021-10-03",
        "name": "National Day Golden Week holiday"
    },
    {
        "date": "2021-10-04",
        "name": "National Day Golden Week holiday"
    },
    {
        "date": "2021-10-05",
        "name": "National Day Golden Week holiday"
    },
    {
        "date": "2021-10-06",
        "name": "National Day Golden Week holiday"
    },
    {
        "date": "2021-10-07",
        "name": "National Day Golden Week holiday"
    },
    {
        "date": "2021-10-14",
        "name": "Double Ninth Festival"
    },
    {
        "date": "2021-12-25",
        "name": "Christmas Day"
    },
    {
        "date": "2022-01-01",
        "name": "New Year's Day"
    },
    {
        "date": "2022-01-31",
        "name": "Spring Festival Eve"
    },
    {
        "date": "2022-02-01",
        "name": "Chinese New Year"
    },
    {
        "date": "2022-02-02",
        "name": "Spring Festival Golden Week holiday"
    },
    {
        "date": "2022-02-03",
        "name": "Spring Festival Golden Week holiday"
    },
    {
        "date": "2022-02-04",
        "name": "Spring Festival Golden Week holiday"
    },
    {
        "date": "2022-02-05",
        "name": "Spring Festival Golden Week holiday"
    },
    {
        "date": "2022-02-06",
        "name": "Spring Festival Golden Week holiday"
    },
    {
        "date": "2022-02-15",
        "name": "Lantern Festival"
    },
    {
        "date": "2022-03-04",
        "name": "Zhonghe Festival"
    },
    {
        "date": "2022-03-08",
        "name": "International Women's Day"
    },
    {
        "date": "2022-03-12",
        "name": "Arbor Day"
    },
    {
        "date": "2022-04-05",
        "name": "Qing Ming Jie"
    },
    {
        "date": "2022-05-01",
        "name": "Labour Day"
    },
    {
        "date": "2022-05-04",
        "name": "Youth Day"
    },
    {
        "date": "2022-06-03",
        "name": "Dragon Boat Festival"
    },
    {
        "date": "2022-06-04",
        "name": "Dragon Boat Festival holiday"
    },
    {
        "date": "2022-06-05",
        "name": "Dragon Boat Festival holiday"
    },
    {
        "date": "2022-08-04",
        "name": "Chinese Valentine's Day"
    },
    {
        "date": "2022-08-12",
        "name": "Spirit Festival"
    },
    {
        "date": "2022-09-10",
        "name": "Mid-Autumn Festival"
    },
    {
        "date": "2022-09-10",
        "name": "Teachers' Day"
    },
    {
        "date": "2022-09-11",
        "name": "Mid-Autumn Festival holiday"
    },
    {
        "date": "2022-09-12",
        "name": "Mid-Autumn Festival holiday"
    },
    {
        "date": "2022-10-01",
        "name": "National Day"
    },
    {
        "date": "2022-10-02",
        "name": "National Day Golden Week holiday"
    },
    {
        "date": "2022-10-03",
        "name": "National Day Golden Week holiday"
    },
    {
        "date": "2022-10-04",
        "name": "Double Ninth Festival"
    },
    {
        "date": "2022-10-04",
        "name": "National Day Golden Week holiday"
    },
    {
        "date": "2022-10-05",
        "name": "National Day Golden Week holiday"
    },
    {
        "date": "2022-10-06",
        "name": "National Day Golden Week holiday"
    },
    {
        "date": "2022-10-07",
        "name": "National Day Golden Week holiday"
    },
    {
        "date": "2022-12-25",
        "name": "Christmas Day"
    },
    {
        "date": "2023-01-01",
        "name": "New Year's Day"
    },
    {
        "date": "2023-01-21",
        "name": "Spring Festival Eve"
    },
    {
        "date": "2023-01-22",
        "name": "Lunar New Year"
    },
    {
        "date": "2023-01-23",
        "name": "Spring Festival Golden Week holiday"
    },
    {
        "date": "2023-01-24",
        "name": "Spring Festival Golden Week holiday"
    },
    {
        "date": "2023-01-25",
        "name": "Spring Festival Golden Week holiday"
    },
    {
        "date": "2023-01-26",
        "name": "Spring Festival Golden Week holiday"
    },
    {
        "date": "2023-01-27",
        "name": "Spring Festival Golden Week holiday"
    },
    {
        "date": "2023-02-05",
        "name": "Lantern Festival"
    },
    {
        "date": "2023-02-21",
        "name": "Zhonghe Festival"
    },
    {
        "date": "2023-03-08",
        "name": "International Women's Day"
    },
    {
        "date": "2023-03-12",
        "name": "Arbor Day"
    },
    {
        "date": "2023-04-05",
        "name": "Qing Ming Jie"
    },
    {
        "date": "2023-05-01",
        "name": "Labour Day"
    },
    {
        "date": "2023-05-04",
        "name": "Youth Day"
    },
    {
        "date": "2023-06-22",
        "name": "Dragon Boat Festival"
    },
    {
        "date": "2023-08-22",
        "name": "Chinese Valentine's Day"
    },
    {
        "date": "2023-08-30",
        "name": "Spirit Festival"
    },
    {
        "date": "2023-09-10",
        "name": "Teachers' Day"
    },
    {
        "date": "2023-09-29",
        "name": "Mid-Autumn Festival"
    },
    {
        "date": "2023-10-01",
        "name": "National Day"
    },
    {
        "date": "2023-10-02",
        "name": "National Day Golden Week holiday"
    },
    {
        "date": "2023-10-03",
        "name": "National Day Golden Week holiday"
    },
    {
        "date": "2023-10-04",
        "name": "National Day Golden Week holiday"
    },
    {
        "date": "2023-10-05",
        "name": "National Day Golden Week holiday"
    },
    {
        "date": "2023-10-06",
        "name": "National Day Golden Week holiday"
    },
    {
        "date": "2023-10-07",
        "name": "National Day Golden Week holiday"
    },
    {
        "date": "2023-10-23",
        "name": "Double Ninth Festival"
    },
    {
        "date": "2023-12-25",
        "name": "Christmas Day"
    }
]