[
    {
        "date": "2019-01-01",
        "name": "New Year's Day"
    },
    {
        "date": "2019-03-04",
        "name": "Carnival Monday"
    },
    {
        "date": "2019-04-19",
        "name": "Good Friday"
    },
    {
        "date": "2019-04-22",
        "name": "Easter Monday"
    },
    {
        "date": "2019-04-27",
        "name": "King's Birthday"
    },
    {
        "date": "2019-05-01",
        "name": "Labor Day \/ May Day"
    },
    {
        "date": "2019-05-12",
        "name": "Mother's Day"
    },
    {
        "date": "2019-05-30",
        "name": "Ascension Day"
    },
    {
        "date": "2019-06-02",
        "name": "Father's Day"
    },
    {
        "date": "2019-07-02",
        "name": "Flag Day"
    },
    {
        "date": "2019-10-10",
        "name": "Cura\u00e7ao Day"
    },
    {
        "date": "2019-12-25",
        "name": "Christmas Day"
    },
    {
        "date": "2019-12-26",
        "name": "Boxing Day"
    },
    {
        "date": "2019-12-31",
        "name": "New Year's Eve"
    },
    {
        "date": "2020-01-01",
        "name": "New Year's Day"
    },
    {
        "date": "2020-02-24",
        "name": "Carnival Monday"
    },
    {
        "date": "2020-04-10",
        "name": "Good Friday"
    },
    {
        "date": "2020-04-13",
        "name": "Easter Monday"
    },
    {
        "date": "2020-04-27",
        "name": "King's Birthday"
    },
    {
        "date": "2020-05-01",
        "name": "Labor Day \/ May Day"
    },
    {
        "date": "2020-05-10",
        "name": "Mother's Day"
    },
    {
        "date": "2020-05-21",
        "name": "Ascension Day"
    },
    {
        "date": "2020-06-07",
        "name": "Father's Day"
    },
    {
        "date": "2020-07-02",
        "name": "Flag Day"
    },
    {
        "date": "2020-10-10",
        "name": "Cura\u00e7ao Day"
    },
    {
        "date": "2020-12-25",
        "name": "Christmas Day"
    },
    {
        "date": "2020-12-26",
        "name": "Boxing Day"
    },
    {
        "date": "2020-12-31",
        "name": "New Year's Eve"
    },
    {
        "date": "2021-01-01",
        "name": "New Year's Day"
    },
    {
        "date": "2021-02-15",
        "name": "Carnival Monday"
    },
    {
        "date": "2021-04-02",
        "name": "Good Friday"
    },
    {
        "date": "2021-04-05",
        "name": "Easter Monday"
    },
    {
        "date": "2021-04-27",
        "name": "King's Birthday"
    },
    {
        "date": "2021-05-01",
        "name": "Labor Day \/ May Day"
    },
    {
        "date": "2021-05-09",
        "name": "Mother's Day"
    },
    {
        "date": "2021-05-13",
        "name": "Ascension Day"
    },
    {
        "date": "2021-06-06",
        "name": "Father's Day"
    },
    {
        "date": "2021-07-02",
        "name": "Flag Day"
    },
    {
        "date": "2021-10-10",
        "name": "Cura\u00e7ao Day"
    },
    {
        "date": "2021-12-25",
        "name": "Christmas Day"
    },
    {
        "date": "2021-12-26",
        "name": "Boxing Day"
    },
    {
        "date": "2021-12-31",
        "name": "New Year's Eve"
    },
    {
        "date": "2022-01-01",
        "name": "New Year's Day"
    },
    {
        "date": "2022-02-28",
        "name": "Carnival Monday"
    },
    {
        "date": "2022-04-15",
        "name": "Good Friday"
    },
    {
        "date": "2022-04-18",
        "name": "Easter Monday"
    },
    {
        "date": "2022-04-27",
        "name": "King's Birthday"
    },
    {
        "date": "2022-05-01",
        "name": "Labor Day \/ May Day"
    },
    {
        "date": "2022-05-02",
        "name": "Day off for Labor Day \/ May Day"
    },
    {
        "date": "2022-05-26",
        "name": "Ascension Day"
    },
    {
        "date": "2022-07-02",
        "name": "Flag Day"
    },
    {
        "date": "2022-10-10",
        "name": "Cura\u00e7ao Day"
    },
    {
        "date": "2022-12-25",
        "name": "Christmas Day"
    },
    {
        "date": "2022-12-26",
        "name": "Boxing Day"
    },
    {
        "date": "2023-01-01",
        "name": "New Year's Day"
    },
    {
        "date": "2023-02-20",
        "name": "Carnival Monday"
    },
    {
        "date": "2023-04-07",
        "name": "Good Friday"
    },
    {
        "date": "2023-04-10",
        "name": "Easter Monday"
    },
    {
        "date": "2023-04-27",
        "name": "King's Birthday"
    },
    {
        "date": "2023-05-01",
        "name": "Labor Day \/ May Day"
    },
    {
        "date": "2023-05-18",
        "name": "Ascension Day"
    },
    {
        "date": "2023-07-02",
        "name": "Flag Day"
    },
    {
        "date": "2023-10-10",
        "name": "Cura\u00e7ao Day"
    },
    {
        "date": "2023-12-25",
        "name": "Christmas Day"
    },
    {
        "date": "2023-12-26",
        "name": "Boxing Day"
    }
]