[
    {
        "date": "2019-01-01",
        "name": "New Year's Day"
    },
    {
        "date": "2019-01-06",
        "name": "Epiphany"
    },
    {
        "date": "2019-01-21",
        "name": "Our Lady of Altagracia"
    },
    {
        "date": "2019-01-26",
        "name": "Duarte's Day"
    },
    {
        "date": "2019-02-27",
        "name": "Independence Day"
    },
    {
        "date": "2019-04-18",
        "name": "Maundy Thursday"
    },
    {
        "date": "2019-04-19",
        "name": "Good Friday"
    },
    {
        "date": "2019-04-29",
        "name": "Labor Day"
    },
    {
        "date": "2019-05-26",
        "name": "Mother's Day"
    },
    {
        "date": "2019-06-20",
        "name": "Corpus Christi"
    },
    {
        "date": "2019-07-28",
        "name": "Father's Day"
    },
    {
        "date": "2019-08-16",
        "name": "Restoration Day"
    },
    {
        "date": "2019-09-24",
        "name": "Our Lady of Las Mercedes"
    },
    {
        "date": "2019-11-04",
        "name": "Constitution Day"
    },
    {
        "date": "2019-12-24",
        "name": "Christmas Eve"
    },
    {
        "date": "2019-12-25",
        "name": "Christmas Day"
    },
    {
        "date": "2019-12-31",
        "name": "New Year's Eve"
    },
    {
        "date": "2020-01-01",
        "name": "New Year's Day"
    },
    {
        "date": "2020-01-06",
        "name": "Epiphany"
    },
    {
        "date": "2020-01-21",
        "name": "Our Lady of Altagracia"
    },
    {
        "date": "2020-01-26",
        "name": "Duarte's Day"
    },
    {
        "date": "2020-02-27",
        "name": "Independence Day"
    },
    {
        "date": "2020-04-09",
        "name": "Maundy Thursday"
    },
    {
        "date": "2020-04-10",
        "name": "Good Friday"
    },
    {
        "date": "2020-05-01",
        "name": "Labor Day"
    },
    {
        "date": "2020-05-31",
        "name": "Mother's Day"
    },
    {
        "date": "2020-06-11",
        "name": "Corpus Christi"
    },
    {
        "date": "2020-07-26",
        "name": "Father's Day"
    },
    {
        "date": "2020-08-16",
        "name": "Restoration Day"
    },
    {
        "date": "2020-09-24",
        "name": "Our Lady of Las Mercedes"
    },
    {
        "date": "2020-11-09",
        "name": "Constitution Day"
    },
    {
        "date": "2020-12-24",
        "name": "Christmas Eve"
    },
    {
        "date": "2020-12-25",
        "name": "Christmas Day"
    },
    {
        "date": "2020-12-31",
        "name": "New Year's Eve"
    },
    {
        "date": "2021-01-01",
        "name": "New Year's Day"
    },
    {
        "date": "2021-01-06",
        "name": "Epiphany"
    },
    {
        "date": "2021-01-21",
        "name": "Our Lady of Altagracia"
    },
    {
        "date": "2021-01-25",
        "name": "Duarte's Day"
    },
    {
        "date": "2021-02-27",
        "name": "Independence Day"
    },
    {
        "date": "2021-04-01",
        "name": "Maundy Thursday"
    },
    {
        "date": "2021-04-02",
        "name": "Good Friday"
    },
    {
        "date": "2021-05-01",
        "name": "Labor Day"
    },
    {
        "date": "2021-05-30",
        "name": "Mother's Day"
    },
    {
        "date": "2021-06-03",
        "name": "Corpus Christi"
    },
    {
        "date": "2021-07-25",
        "name": "Father's Day"
    },
    {
        "date": "2021-08-16",
        "name": "Restoration Day"
    },
    {
        "date": "2021-09-24",
        "name": "Our Lady of Las Mercedes"
    },
    {
        "date": "2021-11-06",
        "name": "Constitution Day"
    },
    {
        "date": "2021-12-24",
        "name": "Christmas Eve"
    },
    {
        "date": "2021-12-25",
        "name": "Christmas Day"
    },
    {
        "date": "2021-12-31",
        "name": "New Year's Eve"
    },
    {
        "date": "2022-01-01",
        "name": "New Year's Day"
    },
    {
        "date": "2022-01-06",
        "name": "Epiphany"
    },
    {
        "date": "2022-01-21",
        "name": "Our Lady of Altagracia"
    },
    {
        "date": "2022-01-24",
        "name": "Day off for Duarte's Day"
    },
    {
        "date": "2022-01-26",
        "name": "Duarte's Day"
    },
    {
        "date": "2022-02-27",
        "name": "Independence Day"
    },
    {
        "date": "2022-04-14",
        "name": "Maundy Thursday"
    },
    {
        "date": "2022-04-15",
        "name": "Good Friday"
    },
    {
        "date": "2022-05-01",
        "name": "Labor Day"
    },
    {
        "date": "2022-05-02",
        "name": "Labor Day observed"
    },
    {
        "date": "2022-05-29",
        "name": "Mother's Day"
    },
    {
        "date": "2022-06-16",
        "name": "Corpus Christi"
    },
    {
        "date": "2022-07-31",
        "name": "Father's Day"
    },
    {
        "date": "2022-08-16",
        "name": "Restoration Day"
    },
    {
        "date": "2022-09-24",
        "name": "Our Lady of Las Mercedes"
    },
    {
        "date": "2022-11-06",
        "name": "Constitution Day"
    },
    {
        "date": "2022-12-24",
        "name": "Christmas Eve"
    },
    {
        "date": "2022-12-25",
        "name": "Christmas Day"
    },
    {
        "date": "2022-12-31",
        "name": "New Year's Eve"
    },
    {
        "date": "2023-01-01",
        "name": "New Year's Day"
    },
    {
        "date": "2023-01-06",
        "name": "Epiphany"
    },
    {
        "date": "2023-01-21",
        "name": "Our Lady of Altagracia"
    },
    {
        "date": "2023-01-26",
        "name": "Duarte's Day"
    },
    {
        "date": "2023-01-30",
        "name": "Day off for Duarte's Day"
    },
    {
        "date": "2023-02-27",
        "name": "Independence Day"
    },
    {
        "date": "2023-04-06",
        "name": "Maundy Thursday"
    },
    {
        "date": "2023-04-07",
        "name": "Good Friday"
    },
    {
        "date": "2023-05-01",
        "name": "Labor Day"
    },
    {
        "date": "2023-05-28",
        "name": "Mother's Day"
    },
    {
        "date": "2023-06-08",
        "name": "Corpus Christi"
    },
    {
        "date": "2023-07-30",
        "name": "Father's Day"
    },
    {
        "date": "2023-08-16",
        "name": "Restoration Day"
    },
    {
        "date": "2023-09-24",
        "name": "Our Lady of Las Mercedes"
    },
    {
        "date": "2023-11-06",
        "name": "Constitution Day"
    },
    {
        "date": "2023-12-24",
        "name": "Christmas Eve"
    },
    {
        "date": "2023-12-25",
        "name": "Christmas Day"
    },
    {
        "date": "2023-12-31",
        "name": "New Year's Eve"
    }
]