[
    {
        "date": "2019-01-01",
        "name": "New Year's Day"
    },
    {
        "date": "2019-01-02",
        "name": "Reconquest Day (Granada)"
    },
    {
        "date": "2019-01-06",
        "name": "Epiphany"
    },
    {
        "date": "2019-01-07",
        "name": "Epiphany observed (regional holiday)"
    },
    {
        "date": "2019-01-23",
        "name": "Day of Saint Ildefonso (Toledo)"
    },
    {
        "date": "2019-01-29",
        "name": "St. Valero's Feast (Zaragoza)"
    },
    {
        "date": "2019-02-14",
        "name": "Valentine's Day"
    },
    {
        "date": "2019-02-28",
        "name": "Day of Andaluc\u00eda (Andalusia)"
    },
    {
        "date": "2019-03-01",
        "name": "Day of the Balearic Islands (Balearic Islands)"
    },
    {
        "date": "2019-03-05",
        "name": "Fifth of March (Zaragoza)"
    },
    {
        "date": "2019-03-06",
        "name": "Ash Wednesday"
    },
    {
        "date": "2019-03-19",
        "name": "San Jose (regional holiday)"
    },
    {
        "date": "2019-03-31",
        "name": "Daylight Saving Time starts"
    },
    {
        "date": "2019-04-14",
        "name": "Palm Sunday"
    },
    {
        "date": "2019-04-14",
        "name": "Sermon of the Tortillas (Teruel)"
    },
    {
        "date": "2019-04-18",
        "name": "Maundy Thursday (regional holiday)"
    },
    {
        "date": "2019-04-19",
        "name": "Good Friday"
    },
    {
        "date": "2019-04-21",
        "name": "Easter Sunday"
    },
    {
        "date": "2019-04-22",
        "name": "Easter Monday (regional holiday)"
    },
    {
        "date": "2019-04-23",
        "name": "Castile and Le\u00f3n Day (Castile-Leon)"
    },
    {
        "date": "2019-04-23",
        "name": "Day of Arag\u00f3n (Aragon)"
    },
    {
        "date": "2019-05-01",
        "name": "Labor Day \/ May Day"
    },
    {
        "date": "2019-05-02",
        "name": "Day of Madrid (Madrid)"
    },
    {
        "date": "2019-05-05",
        "name": "Mothers' Day"
    },
    {
        "date": "2019-05-15",
        "name": "Feast Day of St Isidore (Madrid)"
    },
    {
        "date": "2019-05-17",
        "name": "Galicia Literature Day (Galicia)"
    },
    {
        "date": "2019-05-30",
        "name": "Day of the Canary Islands (Canary Islands)"
    },
    {
        "date": "2019-05-31",
        "name": "Day of Castile-La Mancha (Castile-La Mancha)"
    },
    {
        "date": "2019-06-09",
        "name": "Day of La Rioja (La Rioja)"
    },
    {
        "date": "2019-06-09",
        "name": "Day of Murcia (Murcia)"
    },
    {
        "date": "2019-06-09",
        "name": "Whit Sunday\/Pentecost"
    },
    {
        "date": "2019-06-10",
        "name": "Day off for Day of La Rioja (La Rioja)"
    },
    {
        "date": "2019-06-10",
        "name": "Day off for Day of Murcia (Murcia)"
    },
    {
        "date": "2019-06-10",
        "name": "Whit Monday (regional holiday)"
    },
    {
        "date": "2019-06-13",
        "name": "San Antonio (Ceuta)"
    },
    {
        "date": "2019-06-20",
        "name": "Corpus Christi (regional holiday)"
    },
    {
        "date": "2019-06-24",
        "name": "Feast of San Juan (regional holiday)"
    },
    {
        "date": "2019-07-13",
        "name": "Festival of the Vaquillas (Teruel)"
    },
    {
        "date": "2019-08-05",
        "name": "Feast of the White Virgin (\u00c1lava)"
    },
    {
        "date": "2019-08-05",
        "name": "The Day of Our Lady of Africa (Ceuta)"
    },
    {
        "date": "2019-08-12",
        "name": "Eid al-Adha (regional holiday)"
    },
    {
        "date": "2019-08-15",
        "name": "Assumption of Mary"
    },
    {
        "date": "2019-08-19",
        "name": "Feast of Saint Maginus (Tarragona)"
    },
    {
        "date": "2019-09-02",
        "name": "Day of the Independent City of Ceuta (Ceuta)"
    },
    {
        "date": "2019-09-08",
        "name": "Day of Asturias (Asturias)"
    },
    {
        "date": "2019-09-08",
        "name": "Day of Extremadura (Extremadura)"
    },
    {
        "date": "2019-09-08",
        "name": "Virgin of the Plains (Albacete)"
    },
    {
        "date": "2019-09-08",
        "name": "Virgin of the Victory (Melilla)"
    },
    {
        "date": "2019-09-09",
        "name": "Day of Asturias observed (Asturias)"
    },
    {
        "date": "2019-09-09",
        "name": "Day of Extremadura observed (Extremadura)"
    },
    {
        "date": "2019-09-09",
        "name": "Virgin of the Victory observed (Melilla)"
    },
    {
        "date": "2019-09-11",
        "name": "Day of Catalonia (Catalonia)"
    },
    {
        "date": "2019-09-15",
        "name": "Nuestra Se\u00f1ora de la Bien Aparecida (Cantabria)"
    },
    {
        "date": "2019-09-17",
        "name": "Day of Melilla (Melilla)"
    },
    {
        "date": "2019-09-23",
        "name": "Day of Saint Tecla (Tarragona)"
    },
    {
        "date": "2019-10-09",
        "name": "Day of the Valencian Community (Valencia)"
    },
    {
        "date": "2019-10-12",
        "name": "Hispanic Day"
    },
    {
        "date": "2019-10-27",
        "name": "Daylight Saving Time ends"
    },
    {
        "date": "2019-11-01",
        "name": "All Saint's Day Holiday (regional holiday)"
    },
    {
        "date": "2019-12-03",
        "name": "Day of Navarre (Navarre)"
    },
    {
        "date": "2019-12-06",
        "name": "Constitution Day Holiday"
    },
    {
        "date": "2019-12-08",
        "name": "Immaculate Conception"
    },
    {
        "date": "2019-12-09",
        "name": "Day of Saint Leocadia (Toledo)"
    },
    {
        "date": "2019-12-09",
        "name": "Immaculate Conception observed (regional holiday)"
    },
    {
        "date": "2019-12-24",
        "name": "Christmas Eve"
    },
    {
        "date": "2019-12-25",
        "name": "Christmas Day"
    },
    {
        "date": "2019-12-26",
        "name": "St Stephen's Day (regional holiday)"
    },
    {
        "date": "2019-12-29",
        "name": "Feast of the Holy Family"
    },
    {
        "date": "2019-12-31",
        "name": "New Year's Eve"
    },
    {
        "date": "2020-01-01",
        "name": "New Year's Day"
    },
    {
        "date": "2020-01-02",
        "name": "Reconquest Day (Granada)"
    },
    {
        "date": "2020-01-06",
        "name": "Epiphany"
    },
    {
        "date": "2020-01-20",
        "name": "Feast of Saint Sebasti\u00e1n (Guip\u00fazcoa)"
    },
    {
        "date": "2020-01-22",
        "name": "Feast of Saint Vicente (Huesca)"
    },
    {
        "date": "2020-01-22",
        "name": "Martyr Vicente's Feast (Valencia)"
    },
    {
        "date": "2020-01-23",
        "name": "Day of Saint Ildefonso (Toledo)"
    },
    {
        "date": "2020-01-28",
        "name": "Feast of San Julian (Cuenca)"
    },
    {
        "date": "2020-01-29",
        "name": "St. Valero's Feast (Zaragoza)"
    },
    {
        "date": "2020-02-02",
        "name": "Festival of Candles (Palencia)"
    },
    {
        "date": "2020-02-03",
        "name": "Day off for Festival of Candles (Palencia)"
    },
    {
        "date": "2020-02-14",
        "name": "Valentine's Day"
    },
    {
        "date": "2020-02-24",
        "name": "Carnival Monday (regional holiday)"
    },
    {
        "date": "2020-02-25",
        "name": "Carnival Tuesday (regional holiday)"
    },
    {
        "date": "2020-02-28",
        "name": "Day of Andaluc\u00eda (Andalusia)"
    },
    {
        "date": "2020-03-01",
        "name": "Day of the Balearic Islands (Balearic Islands)"
    },
    {
        "date": "2020-03-05",
        "name": "Fifth of March (Zaragoza)"
    },
    {
        "date": "2020-03-13",
        "name": "Statute of the Autonomous City of Melilla Day (Melilla)"
    },
    {
        "date": "2020-03-16",
        "name": "Magdalena Monday (Castell\u00f3n)"
    },
    {
        "date": "2020-03-19",
        "name": "San Jose (regional holiday)"
    },
    {
        "date": "2020-03-29",
        "name": "Daylight Saving Time starts"
    },
    {
        "date": "2020-04-05",
        "name": "Palm Sunday"
    },
    {
        "date": "2020-04-09",
        "name": "Fair Wednesday (Seville)"
    },
    {
        "date": "2020-04-10",
        "name": "Good Friday"
    },
    {
        "date": "2020-04-12",
        "name": "Easter Sunday"
    },
    {
        "date": "2020-04-13",
        "name": "Easter Monday (regional holiday)"
    },
    {
        "date": "2020-04-14",
        "name": "Sermon of the Tortillas (Teruel)"
    },
    {
        "date": "2020-04-20",
        "name": "Day of Saint Vicente Ferrer (Valencia)"
    },
    {
        "date": "2020-04-23",
        "name": "Castile and Le\u00f3n Day (Castile-Leon)"
    },
    {
        "date": "2020-04-23",
        "name": "Day of Arag\u00f3n (Aragon)"
    },
    {
        "date": "2020-04-23",
        "name": "Santa Faz (Alicante)"
    },
    {
        "date": "2020-04-23",
        "name": "St George's Day (C\u00e1ceres)"
    },
    {
        "date": "2020-04-28",
        "name": "San Prudencio (\u00c1lava)"
    },
    {
        "date": "2020-05-01",
        "name": "Labor Day \/ May Day"
    },
    {
        "date": "2020-05-02",
        "name": "Day of Madrid (Madrid)"
    },
    {
        "date": "2020-05-02",
        "name": "San Segundo (\u00c1vila)"
    },
    {
        "date": "2020-05-03",
        "name": "Mothers' Day"
    },
    {
        "date": "2020-05-11",
        "name": "Feast of Anastasi (Lleida)"
    },
    {
        "date": "2020-05-13",
        "name": "Day of Saint Pedro Regalado (Valladolid)"
    },
    {
        "date": "2020-05-15",
        "name": "Feast Day of St Isidore (Madrid)"
    },
    {
        "date": "2020-05-17",
        "name": "Galicia Literature Day (Galicia)"
    },
    {
        "date": "2020-05-29",
        "name": "San Fernando Fair (C\u00e1ceres)"
    },
    {
        "date": "2020-05-30",
        "name": "Day of the Canary Islands (Canary Islands)"
    },
    {
        "date": "2020-05-31",
        "name": "Day of Castile-La Mancha (Castile-La Mancha)"
    },
    {
        "date": "2020-05-31",
        "name": "Whit Sunday\/Pentecost"
    },
    {
        "date": "2020-06-01",
        "name": "Feast of Virgin of Light (Cuenca)"
    },
    {
        "date": "2020-06-01",
        "name": "Festival of Hiniesta (Zamora)"
    },
    {
        "date": "2020-06-01",
        "name": "Virgin of Alarcos (Ciudad Real)"
    },
    {
        "date": "2020-06-01",
        "name": "Whit Monday (regional holiday)"
    },
    {
        "date": "2020-06-09",
        "name": "Day of La Rioja (La Rioja)"
    },
    {
        "date": "2020-06-09",
        "name": "Day of Murcia (Murcia)"
    },
    {
        "date": "2020-06-11",
        "name": "Virgen de la Capilla (Ja\u00e9n)"
    },
    {
        "date": "2020-06-12",
        "name": "Day of San Juan of Sahag\u00fan (Salamanca)"
    },
    {
        "date": "2020-06-13",
        "name": "San Antonio (Ceuta)"
    },
    {
        "date": "2020-06-19",
        "name": "Curpillos (Burgos)"
    },
    {
        "date": "2020-06-22",
        "name": "Fogueres (Alicante)"
    },
    {
        "date": "2020-06-25",
        "name": "La Saca Thursday (Soria)"
    },
    {
        "date": "2020-06-29",
        "name": "San Pedro (regional holiday)"
    },
    {
        "date": "2020-07-11",
        "name": "Day of Saint Benito (Pontevedra)"
    },
    {
        "date": "2020-07-13",
        "name": "Festival of the Vaquillas (Teruel)"
    },
    {
        "date": "2020-07-25",
        "name": "Feast of Saint James the Apostle (regional holiday)"
    },
    {
        "date": "2020-07-28",
        "name": "Day of the Institutions (Cantabria)"
    },
    {
        "date": "2020-07-31",
        "name": "Eid al-Adha (regional holiday)"
    },
    {
        "date": "2020-07-31",
        "name": "San Ignacio de Loyola (regional holiday)"
    },
    {
        "date": "2020-08-03",
        "name": "Fiestas Colombinas (Huelva)"
    },
    {
        "date": "2020-08-05",
        "name": "Feast of the White Virgin (\u00c1lava)"
    },
    {
        "date": "2020-08-05",
        "name": "The Day of Our Lady of Africa (Ceuta)"
    },
    {
        "date": "2020-08-10",
        "name": "Feast of Saint Lorenzo (Huesca)"
    },
    {
        "date": "2020-08-15",
        "name": "Assumption of Mary"
    },
    {
        "date": "2020-08-19",
        "name": "Feast of Saint Maginus (Tarragona)"
    },
    {
        "date": "2020-08-19",
        "name": "Reconquest Day (M\u00e1laga)"
    },
    {
        "date": "2020-08-22",
        "name": "The Eighth of the Virgin of Prado (Ciudad Real)"
    },
    {
        "date": "2020-08-28",
        "name": "Viernes Semana Grande (Vizcaya)"
    },
    {
        "date": "2020-08-29",
        "name": "Virgin of the Sea (Almer\u00eda)"
    },
    {
        "date": "2020-09-02",
        "name": "Day of Saint Antol\u00edn (Palencia)"
    },
    {
        "date": "2020-09-02",
        "name": "Day of the Independent City of Ceuta (Ceuta)"
    },
    {
        "date": "2020-09-08",
        "name": "Day of Asturias (Asturias)"
    },
    {
        "date": "2020-09-08",
        "name": "Day of Extremadura (Extremadura)"
    },
    {
        "date": "2020-09-08",
        "name": "Day of Our Lady of San Lorenzo (Valladolid)"
    },
    {
        "date": "2020-09-08",
        "name": "Day of the Virgin of the Vega (Salamanca)"
    },
    {
        "date": "2020-09-08",
        "name": "Feast of Our Lady of the Cinta (Huelva)"
    },
    {
        "date": "2020-09-08",
        "name": "Feast of Virgin of the Antigua (Guadalajara)"
    },
    {
        "date": "2020-09-08",
        "name": "Festival of Virgin of Guadalupe (C\u00f3rdoba)"
    },
    {
        "date": "2020-09-08",
        "name": "Victory Day (M\u00e1laga)"
    },
    {
        "date": "2020-09-08",
        "name": "Virgin of the Plains (Albacete)"
    },
    {
        "date": "2020-09-08",
        "name": "Virgin of the Victory (Melilla)"
    },
    {
        "date": "2020-09-11",
        "name": "Day of Catalonia (Catalonia)"
    },
    {
        "date": "2020-09-15",
        "name": "Nuestra Se\u00f1ora de la Bien Aparecida (Cantabria)"
    },
    {
        "date": "2020-09-15",
        "name": "Pilgrimage of the Virgin of Fuensanta (Murcia)"
    },
    {
        "date": "2020-09-17",
        "name": "Day of Melilla (Melilla)"
    },
    {
        "date": "2020-09-18",
        "name": "Fair Friday (Guadalajara)"
    },
    {
        "date": "2020-09-23",
        "name": "Day of Saint Tecla (Tarragona)"
    },
    {
        "date": "2020-09-24",
        "name": "Virgin of Mercy (Barcelona)"
    },
    {
        "date": "2020-09-29",
        "name": "Feast of Saint Miguel (Lleida)"
    },
    {
        "date": "2020-10-02",
        "name": "Feast of Saint Saturio (Soria)"
    },
    {
        "date": "2020-10-05",
        "name": "Feast of San Froil\u00e1n (regional holiday)"
    },
    {
        "date": "2020-10-07",
        "name": "Feast of Our Lady of the Rosary (regional holiday)"
    },
    {
        "date": "2020-10-09",
        "name": "Day of the Valencian Community (Valencia)"
    },
    {
        "date": "2020-10-12",
        "name": "Hispanic Day"
    },
    {
        "date": "2020-10-15",
        "name": "Feast of Saint Teresa of Jesus (\u00c1vila)"
    },
    {
        "date": "2020-10-24",
        "name": "San Rafael Day (C\u00f3rdoba)"
    },
    {
        "date": "2020-10-25",
        "name": "Daylight Saving Time ends"
    },
    {
        "date": "2020-10-25",
        "name": "Feast of Saint Frutos (Segovia)"
    },
    {
        "date": "2020-10-26",
        "name": "Day off for Feast of Saint Frutos (Segovia)"
    },
    {
        "date": "2020-10-29",
        "name": "Feast of Saint Narc\u00eds (Girona)"
    },
    {
        "date": "2020-11-01",
        "name": "All Saints' Day (regional holiday)"
    },
    {
        "date": "2020-11-02",
        "name": "All Saint's Day Holiday (regional holiday)"
    },
    {
        "date": "2020-11-09",
        "name": "La Almudena (Madrid)"
    },
    {
        "date": "2020-11-11",
        "name": "Feast of Saint Mart\u00edn (Ourense)"
    },
    {
        "date": "2020-11-25",
        "name": "Feast of Saint Catalina (Ja\u00e9n)"
    },
    {
        "date": "2020-12-03",
        "name": "Day of Navarre (Navarre)"
    },
    {
        "date": "2020-12-06",
        "name": "Constitution Day (regional holiday)"
    },
    {
        "date": "2020-12-07",
        "name": "Constitution Day Holiday (regional holiday)"
    },
    {
        "date": "2020-12-08",
        "name": "Immaculate Conception"
    },
    {
        "date": "2020-12-09",
        "name": "Day of Saint Leocadia (Toledo)"
    },
    {
        "date": "2020-12-24",
        "name": "Christmas Eve"
    },
    {
        "date": "2020-12-25",
        "name": "Christmas Day"
    },
    {
        "date": "2020-12-26",
        "name": "Day of the Banner (Almer\u00eda)"
    },
    {
        "date": "2020-12-26",
        "name": "St Stephen's Day (regional holiday)"
    },
    {
        "date": "2020-12-27",
        "name": "Feast of the Holy Family"
    },
    {
        "date": "2020-12-31",
        "name": "New Year's Eve"
    },
    {
        "date": "2021-01-01",
        "name": "New Year's Day"
    },
    {
        "date": "2021-01-02",
        "name": "Reconquest Day (Granada)"
    },
    {
        "date": "2021-01-06",
        "name": "Epiphany"
    },
    {
        "date": "2021-01-23",
        "name": "Day of Saint Ildefonso (Toledo)"
    },
    {
        "date": "2021-01-29",
        "name": "St. Valero's Feast (Zaragoza)"
    },
    {
        "date": "2021-02-14",
        "name": "Valentine's Day"
    },
    {
        "date": "2021-02-17",
        "name": "Ash Wednesday"
    },
    {
        "date": "2021-02-28",
        "name": "Day of Andaluc\u00eda (Andalusia)"
    },
    {
        "date": "2021-03-01",
        "name": "Day of the Balearic Islands (Balearic Islands)"
    },
    {
        "date": "2021-03-05",
        "name": "Fifth of March (Zaragoza)"
    },
    {
        "date": "2021-03-28",
        "name": "Daylight Saving Time starts"
    },
    {
        "date": "2021-03-28",
        "name": "Palm Sunday"
    },
    {
        "date": "2021-04-02",
        "name": "Good Friday"
    },
    {
        "date": "2021-04-04",
        "name": "Easter Sunday"
    },
    {
        "date": "2021-04-05",
        "name": "Easter Monday (regional holiday)"
    },
    {
        "date": "2021-04-14",
        "name": "Sermon of the Tortillas (Teruel)"
    },
    {
        "date": "2021-04-23",
        "name": "Castile and Le\u00f3n Day (Castile-Leon)"
    },
    {
        "date": "2021-04-23",
        "name": "Day of Arag\u00f3n (Aragon)"
    },
    {
        "date": "2021-04-23",
        "name": "Santa Faz (Alicante)"
    },
    {
        "date": "2021-04-28",
        "name": "San Prudencio (\u00c1lava)"
    },
    {
        "date": "2021-05-01",
        "name": "Labor Day \/ May Day"
    },
    {
        "date": "2021-05-02",
        "name": "Mothers' Day"
    },
    {
        "date": "2021-05-03",
        "name": "Day of Madrid (Madrid)"
    },
    {
        "date": "2021-05-15",
        "name": "Feast Day of St Isidore (Madrid)"
    },
    {
        "date": "2021-05-17",
        "name": "Galicia Literature Day (Galicia)"
    },
    {
        "date": "2021-05-23",
        "name": "Whit Sunday\/Pentecost"
    },
    {
        "date": "2021-05-24",
        "name": "Whit Monday (regional holiday)"
    },
    {
        "date": "2021-05-31",
        "name": "Day of Castile-La Mancha (Castile-La Mancha)"
    },
    {
        "date": "2021-06-03",
        "name": "Corpus Christi (Castile-La Mancha)"
    },
    {
        "date": "2021-06-09",
        "name": "Day of La Rioja (La Rioja)"
    },
    {
        "date": "2021-06-09",
        "name": "Day of Murcia (Murcia)"
    },
    {
        "date": "2021-06-13",
        "name": "San Antonio (Ceuta)"
    },
    {
        "date": "2021-06-14",
        "name": "Day off for San Antonio (Ceuta)"
    },
    {
        "date": "2021-06-23",
        "name": "Day before Feast of San Juan (Alicante)"
    },
    {
        "date": "2021-07-13",
        "name": "Festival of the Vaquillas (Teruel)"
    },
    {
        "date": "2021-07-20",
        "name": "Eid al-Adha (Ceuta)"
    },
    {
        "date": "2021-07-21",
        "name": "Eid al-Adha (Melilla)"
    },
    {
        "date": "2021-07-28",
        "name": "Day of the Institutions (Cantabria)"
    },
    {
        "date": "2021-08-05",
        "name": "Feast of the White Virgin (\u00c1lava)"
    },
    {
        "date": "2021-08-05",
        "name": "The Day of Our Lady of Africa (Ceuta)"
    },
    {
        "date": "2021-08-15",
        "name": "Assumption of Mary (regional holiday)"
    },
    {
        "date": "2021-08-16",
        "name": "Day off for Assumption of Mary (regional holiday)"
    },
    {
        "date": "2021-08-19",
        "name": "Feast of Saint Maginus (Tarragona)"
    },
    {
        "date": "2021-08-27",
        "name": "Virgin of the Sea (Almer\u00eda)"
    },
    {
        "date": "2021-09-08",
        "name": "Day of Asturias (Asturias)"
    },
    {
        "date": "2021-09-08",
        "name": "Day of Extremadura (Extremadura)"
    },
    {
        "date": "2021-09-08",
        "name": "Virgin of the Plains (Albacete)"
    },
    {
        "date": "2021-09-08",
        "name": "Virgin of the Victory (Melilla)"
    },
    {
        "date": "2021-09-15",
        "name": "Nuestra Se\u00f1ora de la Bien Aparecida (Cantabria)"
    },
    {
        "date": "2021-09-17",
        "name": "Day of Melilla (Melilla)"
    },
    {
        "date": "2021-09-23",
        "name": "Day of Saint Tecla (Tarragona)"
    },
    {
        "date": "2021-10-09",
        "name": "Day of the Valencian Community (Valencia)"
    },
    {
        "date": "2021-10-12",
        "name": "Hispanic Day"
    },
    {
        "date": "2021-10-31",
        "name": "Daylight Saving Time ends"
    },
    {
        "date": "2021-11-01",
        "name": "All Saints' Day (regional holiday)"
    },
    {
        "date": "2021-12-03",
        "name": "Day of Navarre (Navarre)"
    },
    {
        "date": "2021-12-06",
        "name": "Constitution Day Holiday"
    },
    {
        "date": "2021-12-08",
        "name": "Immaculate Conception"
    },
    {
        "date": "2021-12-09",
        "name": "Day of Saint Leocadia (Toledo)"
    },
    {
        "date": "2021-12-24",
        "name": "Christmas Eve"
    },
    {
        "date": "2021-12-25",
        "name": "Christmas Day"
    },
    {
        "date": "2021-12-26",
        "name": "Feast of the Holy Family"
    },
    {
        "date": "2021-12-26",
        "name": "St Stephen's Day (regional holiday)"
    },
    {
        "date": "2021-12-31",
        "name": "New Year's Eve"
    },
    {
        "date": "2022-01-01",
        "name": "New Year's Day"
    },
    {
        "date": "2022-01-02",
        "name": "Reconquest Day (Granada)"
    },
    {
        "date": "2022-01-23",
        "name": "Day of Saint Ildefonso (Toledo)"
    },
    {
        "date": "2022-01-29",
        "name": "St. Valero's Feast (Zaragoza)"
    },
    {
        "date": "2022-02-14",
        "name": "Valentine's Day"
    },
    {
        "date": "2022-02-28",
        "name": "Day of Andaluc\u00eda (Andalusia)"
    },
    {
        "date": "2022-03-01",
        "name": "Day of the Balearic Islands (Balearic Islands)"
    },
    {
        "date": "2022-03-02",
        "name": "Ash Wednesday"
    },
    {
        "date": "2022-03-05",
        "name": "Fifth of March (Zaragoza)"
    },
    {
        "date": "2022-03-19",
        "name": "San Jose (regional holiday)"
    },
    {
        "date": "2022-03-27",
        "name": "Daylight Saving Time starts"
    },
    {
        "date": "2022-04-10",
        "name": "Palm Sunday"
    },
    {
        "date": "2022-04-14",
        "name": "Maundy Thursday (regional holiday)"
    },
    {
        "date": "2022-04-14",
        "name": "Sermon of the Tortillas (Teruel)"
    },
    {
        "date": "2022-04-15",
        "name": "Good Friday"
    },
    {
        "date": "2022-04-17",
        "name": "Easter Sunday"
    },
    {
        "date": "2022-04-18",
        "name": "Easter Monday (regional holiday)"
    },
    {
        "date": "2022-04-23",
        "name": "Castile and Le\u00f3n Day (Castile-Leon)"
    },
    {
        "date": "2022-04-23",
        "name": "Day of Arag\u00f3n (Aragon)"
    },
    {
        "date": "2022-04-23",
        "name": "Santa Faz (Alicante)"
    },
    {
        "date": "2022-04-28",
        "name": "San Prudencio (\u00c1lava)"
    },
    {
        "date": "2022-05-01",
        "name": "Labor Day \/ May Day"
    },
    {
        "date": "2022-05-01",
        "name": "Mothers' Day"
    },
    {
        "date": "2022-05-02",
        "name": "Labor Day observed (regional holiday)"
    },
    {
        "date": "2022-05-15",
        "name": "Feast Day of St Isidore (Madrid)"
    },
    {
        "date": "2022-05-17",
        "name": "Galicia Literature Day (Galicia)"
    },
    {
        "date": "2022-05-30",
        "name": "Day of the Canary Islands (Canary Islands)"
    },
    {
        "date": "2022-05-31",
        "name": "Day of Castile-La Mancha (Castile-La Mancha)"
    },
    {
        "date": "2022-06-05",
        "name": "Whit Sunday\/Pentecost"
    },
    {
        "date": "2022-06-06",
        "name": "Whit Monday (Catalonia)"
    },
    {
        "date": "2022-06-09",
        "name": "Day of La Rioja (La Rioja)"
    },
    {
        "date": "2022-06-09",
        "name": "Day of Murcia (Murcia)"
    },
    {
        "date": "2022-06-13",
        "name": "San Antonio (Ceuta)"
    },
    {
        "date": "2022-06-16",
        "name": "Corpus Christi (Castile-La Mancha)"
    },
    {
        "date": "2022-06-24",
        "name": "Feast of San Juan (regional holiday)"
    },
    {
        "date": "2022-06-24",
        "name": "Saint John the Baptist Day (regional holiday)"
    },
    {
        "date": "2022-07-10",
        "name": "Eid al-Adha (regional holiday)"
    },
    {
        "date": "2022-07-13",
        "name": "Festival of the Vaquillas (Teruel)"
    },
    {
        "date": "2022-07-25",
        "name": "Feast of Saint James the Apostle (regional holiday)"
    },
    {
        "date": "2022-07-28",
        "name": "Day of the Institutions (Cantabria)"
    },
    {
        "date": "2022-08-05",
        "name": "Feast of the White Virgin (\u00c1lava)"
    },
    {
        "date": "2022-08-05",
        "name": "The Day of Our Lady of Africa (Ceuta)"
    },
    {
        "date": "2022-08-15",
        "name": "Assumption of Mary"
    },
    {
        "date": "2022-08-19",
        "name": "Feast of Saint Maginus (Tarragona)"
    },
    {
        "date": "2022-09-02",
        "name": "Day of the Independent City of Ceuta (Ceuta)"
    },
    {
        "date": "2022-09-06",
        "name": "Elcano's Day (Basque Country)"
    },
    {
        "date": "2022-09-08",
        "name": "Day of Asturias (Asturias)"
    },
    {
        "date": "2022-09-08",
        "name": "Day of Extremadura (Extremadura)"
    },
    {
        "date": "2022-09-08",
        "name": "Virgin of the Plains (Albacete)"
    },
    {
        "date": "2022-09-08",
        "name": "Virgin of the Victory (Melilla)"
    },
    {
        "date": "2022-09-11",
        "name": "National Day of Catalonia (Catalonia)"
    },
    {
        "date": "2022-09-15",
        "name": "Nuestra Se\u00f1ora de la Bien Aparecida (Cantabria)"
    },
    {
        "date": "2022-09-17",
        "name": "Day of Melilla (Melilla)"
    },
    {
        "date": "2022-09-23",
        "name": "Day of Saint Tecla (Tarragona)"
    },
    {
        "date": "2022-09-24",
        "name": "Virgin of Mercy (Barcelona)"
    },
    {
        "date": "2022-10-09",
        "name": "Day of the Valencian Community (Valencia)"
    },
    {
        "date": "2022-10-12",
        "name": "Hispanic Day"
    },
    {
        "date": "2022-10-30",
        "name": "Daylight Saving Time ends"
    },
    {
        "date": "2022-11-01",
        "name": "All Saint's Day Holiday (regional holiday)"
    },
    {
        "date": "2022-11-09",
        "name": "La Almudena (Madrid)"
    },
    {
        "date": "2022-12-03",
        "name": "Day of Navarre (Navarre)"
    },
    {
        "date": "2022-12-06",
        "name": "Constitution Day Holiday"
    },
    {
        "date": "2022-12-08",
        "name": "Immaculate Conception"
    },
    {
        "date": "2022-12-09",
        "name": "Day of Saint Leocadia (Toledo)"
    },
    {
        "date": "2022-12-24",
        "name": "Christmas Eve"
    },
    {
        "date": "2022-12-25",
        "name": "Christmas Day (regional holiday)"
    },
    {
        "date": "2022-12-26",
        "name": "Day After Christmas Day (regional holiday)"
    },
    {
        "date": "2022-12-26",
        "name": "St Stephen's Day (regional holiday)"
    },
    {
        "date": "2022-12-30",
        "name": "Feast of the Holy Family"
    },
    {
        "date": "2022-12-31",
        "name": "New Year's Eve"
    },
    {
        "date": "2023-01-01",
        "name": "New Year's Day"
    },
    {
        "date": "2023-01-02",
        "name": "Reconquest Day (Granada)"
    },
    {
        "date": "2023-01-06",
        "name": "Epiphany"
    },
    {
        "date": "2023-01-23",
        "name": "Day of Saint Ildefonso (Toledo)"
    },
    {
        "date": "2023-01-29",
        "name": "St. Valero's Feast (Zaragoza)"
    },
    {
        "date": "2023-02-14",
        "name": "Valentine's Day"
    },
    {
        "date": "2023-02-22",
        "name": "Ash Wednesday"
    },
    {
        "date": "2023-02-28",
        "name": "Day of Andaluc\u00eda (Andalusia)"
    },
    {
        "date": "2023-03-01",
        "name": "Day of the Balearic Islands (Balearic Islands)"
    },
    {
        "date": "2023-03-06",
        "name": "Fifth of March (Zaragoza)"
    },
    {
        "date": "2023-03-19",
        "name": "San Jose (regional holiday)"
    },
    {
        "date": "2023-03-26",
        "name": "Daylight Saving Time starts"
    },
    {
        "date": "2023-04-02",
        "name": "Palm Sunday"
    },
    {
        "date": "2023-04-06",
        "name": "Maundy Thursday (regional holiday)"
    },
    {
        "date": "2023-04-07",
        "name": "Good Friday"
    },
    {
        "date": "2023-04-09",
        "name": "Easter Sunday"
    },
    {
        "date": "2023-04-10",
        "name": "Easter Monday (regional holiday)"
    },
    {
        "date": "2023-04-14",
        "name": "Sermon of the Tortillas (Teruel)"
    },
    {
        "date": "2023-04-23",
        "name": "Castile and Le\u00f3n Day (Castile-Leon)"
    },
    {
        "date": "2023-04-23",
        "name": "Santa Faz (Alicante)"
    },
    {
        "date": "2023-04-24",
        "name": "Day of Arag\u00f3n (Aragon)"
    },
    {
        "date": "2023-04-28",
        "name": "San Prudencio (\u00c1lava)"
    },
    {
        "date": "2023-05-01",
        "name": "Labor Day \/ May Day"
    },
    {
        "date": "2023-05-02",
        "name": "Day of Madrid (Madrid)"
    },
    {
        "date": "2023-05-07",
        "name": "Mothers' Day"
    },
    {
        "date": "2023-05-15",
        "name": "Feast Day of St Isidore (Madrid)"
    },
    {
        "date": "2023-05-17",
        "name": "Galicia Literature Day (Galicia)"
    },
    {
        "date": "2023-05-28",
        "name": "Whit Sunday\/Pentecost"
    },
    {
        "date": "2023-05-30",
        "name": "Day of the Canary Islands (Canary Islands)"
    },
    {
        "date": "2023-05-31",
        "name": "Day of Castile-La Mancha (Castile-La Mancha)"
    },
    {
        "date": "2023-06-08",
        "name": "Corpus Christi (Castile-La Mancha)"
    },
    {
        "date": "2023-06-09",
        "name": "Day of La Rioja (La Rioja)"
    },
    {
        "date": "2023-06-09",
        "name": "Day of Murcia (Murcia)"
    },
    {
        "date": "2023-06-13",
        "name": "San Antonio (Ceuta)"
    },
    {
        "date": "2023-06-24",
        "name": "Feast of San Juan (regional holiday)"
    },
    {
        "date": "2023-06-24",
        "name": "Saint John the Baptist Day (regional holiday)"
    },
    {
        "date": "2023-06-29",
        "name": "Eid al-Adha (regional holiday)"
    },
    {
        "date": "2023-07-13",
        "name": "Festival of the Vaquillas (Teruel)"
    },
    {
        "date": "2023-07-25",
        "name": "Feast of Saint James the Apostle (regional holiday)"
    },
    {
        "date": "2023-07-28",
        "name": "Day of the Institutions (Cantabria)"
    },
    {
        "date": "2023-08-05",
        "name": "Feast of the White Virgin (\u00c1lava)"
    },
    {
        "date": "2023-08-05",
        "name": "The Day of Our Lady of Africa (Ceuta)"
    },
    {
        "date": "2023-08-15",
        "name": "Assumption of Mary"
    },
    {
        "date": "2023-08-19",
        "name": "Feast of Saint Maginus (Tarragona)"
    },
    {
        "date": "2023-09-02",
        "name": "Day of the Independent City of Ceuta (Ceuta)"
    },
    {
        "date": "2023-09-08",
        "name": "Day of Asturias (Asturias)"
    },
    {
        "date": "2023-09-08",
        "name": "Day of Extremadura (Extremadura)"
    },
    {
        "date": "2023-09-08",
        "name": "Virgin of the Plains (Albacete)"
    },
    {
        "date": "2023-09-08",
        "name": "Virgin of the Victory (Melilla)"
    },
    {
        "date": "2023-09-11",
        "name": "National Day of Catalonia (Catalonia)"
    },
    {
        "date": "2023-09-15",
        "name": "Nuestra Se\u00f1ora de la Bien Aparecida (Cantabria)"
    },
    {
        "date": "2023-09-17",
        "name": "Day of Melilla (Melilla)"
    },
    {
        "date": "2023-09-23",
        "name": "Day of Saint Tecla (Tarragona)"
    },
    {
        "date": "2023-09-24",
        "name": "Virgin of Mercy (Barcelona)"
    },
    {
        "date": "2023-10-09",
        "name": "Day of the Valencian Community (Valencia)"
    },
    {
        "date": "2023-10-12",
        "name": "Hispanic Day"
    },
    {
        "date": "2023-10-29",
        "name": "Daylight Saving Time ends"
    },
    {
        "date": "2023-11-01",
        "name": "All Saints' Day (regional holiday)"
    },
    {
        "date": "2023-11-09",
        "name": "La Almudena (Madrid)"
    },
    {
        "date": "2023-12-03",
        "name": "Day of Navarre (Navarre)"
    },
    {
        "date": "2023-12-06",
        "name": "Constitution Day (regional holiday)"
    },
    {
        "date": "2023-12-08",
        "name": "Immaculate Conception"
    },
    {
        "date": "2023-12-09",
        "name": "Day of Saint Leocadia (Toledo)"
    },
    {
        "date": "2023-12-24",
        "name": "Christmas Eve"
    },
    {
        "date": "2023-12-25",
        "name": "Christmas Day"
    },
    {
        "date": "2023-12-26",
        "name": "St Stephen's Day (regional holiday)"
    },
    {
        "date": "2023-12-31",
        "name": "Feast of the Holy Family"
    },
    {
        "date": "2023-12-31",
        "name": "New Year's Eve"
    }
]