[
    {
        "date": "2019-01-01",
        "name": "New Year's Day"
    },
    {
        "date": "2019-03-17",
        "name": "St. Patrick's Day"
    },
    {
        "date": "2019-04-19",
        "name": "Good Friday"
    },
    {
        "date": "2019-04-21",
        "name": "Easter"
    },
    {
        "date": "2019-04-22",
        "name": "Easter Monday"
    },
    {
        "date": "2019-05-06",
        "name": "May Day"
    },
    {
        "date": "2019-06-03",
        "name": "June Bank Holiday"
    },
    {
        "date": "2019-08-05",
        "name": "August Bank Holiday"
    },
    {
        "date": "2019-10-28",
        "name": "October Bank Holiday"
    },
    {
        "date": "2019-12-24",
        "name": "Christmas Eve"
    },
    {
        "date": "2019-12-25",
        "name": "Christmas Day"
    },
    {
        "date": "2019-12-26",
        "name": "St. Stephen's Day"
    },
    {
        "date": "2019-12-31",
        "name": "New Year's Eve"
    },
    {
        "date": "2020-01-01",
        "name": "New Year's Day"
    },
    {
        "date": "2020-03-17",
        "name": "St. Patrick's Day"
    },
    {
        "date": "2020-04-10",
        "name": "Good Friday"
    },
    {
        "date": "2020-04-12",
        "name": "Easter"
    },
    {
        "date": "2020-04-13",
        "name": "Easter Monday"
    },
    {
        "date": "2020-05-04",
        "name": "May Day"
    },
    {
        "date": "2020-06-01",
        "name": "June Bank Holiday"
    },
    {
        "date": "2020-08-03",
        "name": "August Bank Holiday"
    },
    {
        "date": "2020-10-26",
        "name": "October Bank Holiday"
    },
    {
        "date": "2020-12-24",
        "name": "Christmas Eve"
    },
    {
        "date": "2020-12-25",
        "name": "Christmas Day"
    },
    {
        "date": "2020-12-26",
        "name": "St. Stephen's Day"
    },
    {
        "date": "2020-12-31",
        "name": "New Year's Eve"
    },
    {
        "date": "2021-01-01",
        "name": "New Year's Day"
    },
    {
        "date": "2021-03-17",
        "name": "St. Patrick's Day"
    },
    {
        "date": "2021-04-02",
        "name": "Good Friday"
    },
    {
        "date": "2021-04-04",
        "name": "Easter"
    },
    {
        "date": "2021-04-05",
        "name": "Easter Monday"
    },
    {
        "date": "2021-05-03",
        "name": "May Day"
    },
    {
        "date": "2021-06-07",
        "name": "June Bank Holiday"
    },
    {
        "date": "2021-08-02",
        "name": "August Bank Holiday"
    },
    {
        "date": "2021-10-25",
        "name": "October Bank Holiday"
    },
    {
        "date": "2021-12-24",
        "name": "Christmas Eve"
    },
    {
        "date": "2021-12-25",
        "name": "Christmas Day"
    },
    {
        "date": "2021-12-26",
        "name": "St. Stephen's Day"
    },
    {
        "date": "2021-12-31",
        "name": "New Year's Eve"
    },
    {
        "date": "2022-01-01",
        "name": "New Year's Day"
    },
    {
        "date": "2022-03-17",
        "name": "St. Patrick's Day"
    },
    {
        "date": "2022-04-15",
        "name": "Good Friday"
    },
    {
        "date": "2022-04-17",
        "name": "Easter"
    },
    {
        "date": "2022-04-18",
        "name": "Easter Monday"
    },
    {
        "date": "2022-05-02",
        "name": "May Day"
    },
    {
        "date": "2022-06-06",
        "name": "June Bank Holiday"
    },
    {
        "date": "2022-08-01",
        "name": "August Bank Holiday"
    },
    {
        "date": "2022-10-31",
        "name": "October Bank Holiday"
    },
    {
        "date": "2022-12-24",
        "name": "Christmas Eve"
    },
    {
        "date": "2022-12-25",
        "name": "Christmas Day"
    },
    {
        "date": "2022-12-26",
        "name": "St. Stephen's Day"
    },
    {
        "date": "2022-12-31",
        "name": "New Year's Eve"
    },
    {
        "date": "2023-01-01",
        "name": "New Year's Day"
    },
    {
        "date": "2023-02-06",
        "name": "St. Brigid\u2019s Day"
    },
    {
        "date": "2023-03-17",
        "name": "St. Patrick's Day"
    },
    {
        "date": "2023-03-19",
        "name": "Mother's Day"
    },
    {
        "date": "2023-04-07",
        "name": "Good Friday"
    },
    {
        "date": "2023-04-09",
        "name": "Easter"
    },
    {
        "date": "2023-04-10",
        "name": "Easter Monday"
    },
    {
        "date": "2023-05-01",
        "name": "May Day"
    },
    {
        "date": "2023-06-05",
        "name": "June Bank Holiday"
    },
    {
        "date": "2023-06-18",
        "name": "Father's Day"
    },
    {
        "date": "2023-08-07",
        "name": "August Bank Holiday"
    },
    {
        "date": "2023-10-30",
        "name": "October Bank Holiday"
    },
    {
        "date": "2023-12-24",
        "name": "Christmas Eve"
    },
    {
        "date": "2023-12-25",
        "name": "Christmas Day"
    },
    {
        "date": "2023-12-26",
        "name": "St. Stephen's Day"
    },
    {
        "date": "2023-12-31",
        "name": "New Year's Eve"
    }
]