[
    {
        "date": "2019-01-01",
        "name": "New Year's Day"
    },
    {
        "date": "2019-01-06",
        "name": "Twelfth Night"
    },
    {
        "date": "2019-02-14",
        "name": "Valentine's Day"
    },
    {
        "date": "2019-03-06",
        "name": "Ash Wednesday"
    },
    {
        "date": "2019-04-18",
        "name": "Maundy Thursday"
    },
    {
        "date": "2019-04-19",
        "name": "Good Friday"
    },
    {
        "date": "2019-04-20",
        "name": "Holy Saturday"
    },
    {
        "date": "2019-04-21",
        "name": "Easter Sunday"
    },
    {
        "date": "2019-04-22",
        "name": "Easter Monday"
    },
    {
        "date": "2019-04-25",
        "name": "First Day of Summer"
    },
    {
        "date": "2019-05-01",
        "name": "Labour Day"
    },
    {
        "date": "2019-05-12",
        "name": "Mothers' Day"
    },
    {
        "date": "2019-05-30",
        "name": "Ascension Day"
    },
    {
        "date": "2019-06-09",
        "name": "Whit Sunday"
    },
    {
        "date": "2019-06-10",
        "name": "Whit Monday"
    },
    {
        "date": "2019-06-17",
        "name": "Icelandic Republic Day"
    },
    {
        "date": "2019-08-05",
        "name": "Commerce Day"
    },
    {
        "date": "2019-10-31",
        "name": "Halloween"
    },
    {
        "date": "2019-11-10",
        "name": "Fathers' Day"
    },
    {
        "date": "2019-12-01",
        "name": "Independence Day"
    },
    {
        "date": "2019-12-24",
        "name": "Christmas Eve (from noon)"
    },
    {
        "date": "2019-12-25",
        "name": "Christmas Day"
    },
    {
        "date": "2019-12-26",
        "name": "Second Day of Christmas"
    },
    {
        "date": "2019-12-31",
        "name": "New Year's Eve (from noon)"
    },
    {
        "date": "2020-01-01",
        "name": "New Year's Day"
    },
    {
        "date": "2020-01-06",
        "name": "Twelfth Night"
    },
    {
        "date": "2020-02-14",
        "name": "Valentine's Day"
    },
    {
        "date": "2020-02-26",
        "name": "Ash Wednesday"
    },
    {
        "date": "2020-04-09",
        "name": "Maundy Thursday"
    },
    {
        "date": "2020-04-10",
        "name": "Good Friday"
    },
    {
        "date": "2020-04-11",
        "name": "Holy Saturday"
    },
    {
        "date": "2020-04-12",
        "name": "Easter Sunday"
    },
    {
        "date": "2020-04-13",
        "name": "Easter Monday"
    },
    {
        "date": "2020-04-23",
        "name": "First Day of Summer"
    },
    {
        "date": "2020-05-01",
        "name": "Labour Day"
    },
    {
        "date": "2020-05-10",
        "name": "Mothers' Day"
    },
    {
        "date": "2020-05-21",
        "name": "Ascension Day"
    },
    {
        "date": "2020-05-31",
        "name": "Whit Sunday"
    },
    {
        "date": "2020-06-01",
        "name": "Whit Monday"
    },
    {
        "date": "2020-06-17",
        "name": "Icelandic Republic Day"
    },
    {
        "date": "2020-08-03",
        "name": "Commerce Day"
    },
    {
        "date": "2020-10-31",
        "name": "Halloween"
    },
    {
        "date": "2020-11-08",
        "name": "Fathers' Day"
    },
    {
        "date": "2020-12-01",
        "name": "Independence Day"
    },
    {
        "date": "2020-12-24",
        "name": "Christmas Eve (from noon)"
    },
    {
        "date": "2020-12-25",
        "name": "Christmas Day"
    },
    {
        "date": "2020-12-26",
        "name": "Second Day of Christmas"
    },
    {
        "date": "2020-12-31",
        "name": "New Year's Eve (from noon)"
    },
    {
        "date": "2021-01-01",
        "name": "New Year's Day"
    },
    {
        "date": "2021-01-06",
        "name": "Twelfth Night"
    },
    {
        "date": "2021-02-14",
        "name": "Valentine's Day"
    },
    {
        "date": "2021-02-17",
        "name": "Ash Wednesday"
    },
    {
        "date": "2021-04-01",
        "name": "Maundy Thursday"
    },
    {
        "date": "2021-04-02",
        "name": "Good Friday"
    },
    {
        "date": "2021-04-03",
        "name": "Holy Saturday"
    },
    {
        "date": "2021-04-04",
        "name": "Easter Sunday"
    },
    {
        "date": "2021-04-05",
        "name": "Easter Monday"
    },
    {
        "date": "2021-04-22",
        "name": "First Day of Summer"
    },
    {
        "date": "2021-05-01",
        "name": "Labour Day"
    },
    {
        "date": "2021-05-09",
        "name": "Mothers' Day"
    },
    {
        "date": "2021-05-13",
        "name": "Ascension Day"
    },
    {
        "date": "2021-05-23",
        "name": "Whit Sunday"
    },
    {
        "date": "2021-05-24",
        "name": "Whit Monday"
    },
    {
        "date": "2021-06-17",
        "name": "Icelandic Republic Day"
    },
    {
        "date": "2021-08-02",
        "name": "Commerce Day"
    },
    {
        "date": "2021-10-31",
        "name": "Halloween"
    },
    {
        "date": "2021-11-14",
        "name": "Fathers' Day"
    },
    {
        "date": "2021-12-01",
        "name": "Independence Day"
    },
    {
        "date": "2021-12-24",
        "name": "Christmas Eve (from noon)"
    },
    {
        "date": "2021-12-25",
        "name": "Christmas Day"
    },
    {
        "date": "2021-12-26",
        "name": "Second Day of Christmas"
    },
    {
        "date": "2021-12-31",
        "name": "New Year's Eve (from noon)"
    },
    {
        "date": "2022-01-01",
        "name": "New Year's Day"
    },
    {
        "date": "2022-01-06",
        "name": "Twelfth Night"
    },
    {
        "date": "2022-02-14",
        "name": "Valentine's Day"
    },
    {
        "date": "2022-03-02",
        "name": "Ash Wednesday"
    },
    {
        "date": "2022-04-14",
        "name": "Maundy Thursday"
    },
    {
        "date": "2022-04-15",
        "name": "Good Friday"
    },
    {
        "date": "2022-04-16",
        "name": "Holy Saturday"
    },
    {
        "date": "2022-04-17",
        "name": "Easter Sunday"
    },
    {
        "date": "2022-04-18",
        "name": "Easter Monday"
    },
    {
        "date": "2022-04-21",
        "name": "First Day of Summer"
    },
    {
        "date": "2022-05-01",
        "name": "Labour Day"
    },
    {
        "date": "2022-05-08",
        "name": "Mothers' Day"
    },
    {
        "date": "2022-05-26",
        "name": "Ascension Day"
    },
    {
        "date": "2022-06-05",
        "name": "Whit Sunday"
    },
    {
        "date": "2022-06-06",
        "name": "Whit Monday"
    },
    {
        "date": "2022-06-17",
        "name": "Icelandic Republic Day"
    },
    {
        "date": "2022-08-01",
        "name": "Commerce Day"
    },
    {
        "date": "2022-10-31",
        "name": "Halloween"
    },
    {
        "date": "2022-11-13",
        "name": "Fathers' Day"
    },
    {
        "date": "2022-12-01",
        "name": "Independence Day"
    },
    {
        "date": "2022-12-24",
        "name": "Christmas Eve (from noon)"
    },
    {
        "date": "2022-12-25",
        "name": "Christmas Day"
    },
    {
        "date": "2022-12-26",
        "name": "Second Day of Christmas"
    },
    {
        "date": "2022-12-31",
        "name": "New Year's Eve (from noon)"
    },
    {
        "date": "2023-01-01",
        "name": "New Year's Day"
    },
    {
        "date": "2023-01-06",
        "name": "Twelfth Night"
    },
    {
        "date": "2023-02-14",
        "name": "Valentine's Day"
    },
    {
        "date": "2023-02-22",
        "name": "Ash Wednesday"
    },
    {
        "date": "2023-04-06",
        "name": "Maundy Thursday"
    },
    {
        "date": "2023-04-07",
        "name": "Good Friday"
    },
    {
        "date": "2023-04-08",
        "name": "Holy Saturday"
    },
    {
        "date": "2023-04-09",
        "name": "Easter Sunday"
    },
    {
        "date": "2023-04-10",
        "name": "Easter Monday"
    },
    {
        "date": "2023-04-20",
        "name": "First Day of Summer"
    },
    {
        "date": "2023-05-01",
        "name": "Labour Day"
    },
    {
        "date": "2023-05-14",
        "name": "Mothers' Day"
    },
    {
        "date": "2023-05-18",
        "name": "Ascension Day"
    },
    {
        "date": "2023-05-28",
        "name": "Whit Sunday"
    },
    {
        "date": "2023-05-29",
        "name": "Whit Monday"
    },
    {
        "date": "2023-06-17",
        "name": "Icelandic Republic Day"
    },
    {
        "date": "2023-08-07",
        "name": "Commerce Day"
    },
    {
        "date": "2023-10-31",
        "name": "Halloween"
    },
    {
        "date": "2023-11-12",
        "name": "Fathers' Day"
    },
    {
        "date": "2023-12-01",
        "name": "Independence Day"
    },
    {
        "date": "2023-12-24",
        "name": "Christmas Eve (from noon)"
    },
    {
        "date": "2023-12-25",
        "name": "Christmas Day"
    },
    {
        "date": "2023-12-26",
        "name": "Second Day of Christmas"
    },
    {
        "date": "2023-12-31",
        "name": "New Year's Eve (from noon)"
    }
]