[
    {
        "date": "2019-01-01",
        "name": "New Year's Day"
    },
    {
        "date": "2019-04-21",
        "name": "Easter Sunday"
    },
    {
        "date": "2019-04-22",
        "name": "Easter Monday"
    },
    {
        "date": "2019-05-01",
        "name": "Labor Day \/ May Day"
    },
    {
        "date": "2019-05-09",
        "name": "Europe Day"
    },
    {
        "date": "2019-05-30",
        "name": "Ascension Day"
    },
    {
        "date": "2019-06-09",
        "name": "Whit Sunday"
    },
    {
        "date": "2019-06-10",
        "name": "Whit Monday"
    },
    {
        "date": "2019-06-23",
        "name": "National Day"
    },
    {
        "date": "2019-08-15",
        "name": "Assumption of Mary"
    },
    {
        "date": "2019-11-01",
        "name": "All Saints' Day"
    },
    {
        "date": "2019-12-24",
        "name": "Christmas Eve"
    },
    {
        "date": "2019-12-25",
        "name": "Christmas Day"
    },
    {
        "date": "2019-12-26",
        "name": "St Stephen's Day"
    },
    {
        "date": "2019-12-31",
        "name": "New Year's Eve"
    },
    {
        "date": "2020-01-01",
        "name": "New Year's Day"
    },
    {
        "date": "2020-04-12",
        "name": "Easter Sunday"
    },
    {
        "date": "2020-04-13",
        "name": "Easter Monday"
    },
    {
        "date": "2020-05-01",
        "name": "Labor Day \/ May Day"
    },
    {
        "date": "2020-05-09",
        "name": "Europe Day"
    },
    {
        "date": "2020-05-21",
        "name": "Ascension Day"
    },
    {
        "date": "2020-05-31",
        "name": "Whit Sunday"
    },
    {
        "date": "2020-06-01",
        "name": "Whit Monday"
    },
    {
        "date": "2020-06-23",
        "name": "National Day"
    },
    {
        "date": "2020-08-15",
        "name": "Assumption of Mary"
    },
    {
        "date": "2020-11-01",
        "name": "All Saints' Day"
    },
    {
        "date": "2020-12-24",
        "name": "Christmas Eve"
    },
    {
        "date": "2020-12-25",
        "name": "Christmas Day"
    },
    {
        "date": "2020-12-26",
        "name": "St Stephen's Day"
    },
    {
        "date": "2020-12-31",
        "name": "New Year's Eve"
    },
    {
        "date": "2021-01-01",
        "name": "New Year's Day"
    },
    {
        "date": "2021-04-04",
        "name": "Easter Sunday"
    },
    {
        "date": "2021-04-05",
        "name": "Easter Monday"
    },
    {
        "date": "2021-05-01",
        "name": "Labor Day \/ May Day"
    },
    {
        "date": "2021-05-09",
        "name": "Europe Day"
    },
    {
        "date": "2021-05-13",
        "name": "Ascension Day"
    },
    {
        "date": "2021-05-23",
        "name": "Whit Sunday"
    },
    {
        "date": "2021-05-24",
        "name": "Whit Monday"
    },
    {
        "date": "2021-06-23",
        "name": "National Day"
    },
    {
        "date": "2021-08-15",
        "name": "Assumption of Mary"
    },
    {
        "date": "2021-11-01",
        "name": "All Saints' Day"
    },
    {
        "date": "2021-12-24",
        "name": "Christmas Eve"
    },
    {
        "date": "2021-12-25",
        "name": "Christmas Day"
    },
    {
        "date": "2021-12-26",
        "name": "St Stephen's Day"
    },
    {
        "date": "2021-12-31",
        "name": "New Year's Eve"
    },
    {
        "date": "2022-01-01",
        "name": "New Year's Day"
    },
    {
        "date": "2022-04-17",
        "name": "Easter Sunday"
    },
    {
        "date": "2022-04-18",
        "name": "Easter Monday"
    },
    {
        "date": "2022-05-01",
        "name": "Labor Day \/ May Day"
    },
    {
        "date": "2022-05-09",
        "name": "Europe Day"
    },
    {
        "date": "2022-05-26",
        "name": "Ascension Day"
    },
    {
        "date": "2022-06-05",
        "name": "Whit Sunday"
    },
    {
        "date": "2022-06-06",
        "name": "Whit Monday"
    },
    {
        "date": "2022-06-23",
        "name": "National Day"
    },
    {
        "date": "2022-08-15",
        "name": "Assumption of Mary"
    },
    {
        "date": "2022-10-02",
        "name": "Father's Day"
    },
    {
        "date": "2022-11-01",
        "name": "All Saints' Day"
    },
    {
        "date": "2022-12-25",
        "name": "Christmas Day"
    },
    {
        "date": "2022-12-26",
        "name": "St Stephen's Day"
    },
    {
        "date": "2022-12-31",
        "name": "New Year's Eve"
    },
    {
        "date": "2023-01-01",
        "name": "New Year's Day"
    },
    {
        "date": "2023-04-09",
        "name": "Easter Sunday"
    },
    {
        "date": "2023-04-10",
        "name": "Easter Monday"
    },
    {
        "date": "2023-05-01",
        "name": "Labor Day \/ May Day"
    },
    {
        "date": "2023-05-09",
        "name": "Europe Day"
    },
    {
        "date": "2023-05-18",
        "name": "Ascension Day"
    },
    {
        "date": "2023-05-28",
        "name": "Whit Sunday"
    },
    {
        "date": "2023-05-29",
        "name": "Whit Monday"
    },
    {
        "date": "2023-06-11",
        "name": "Mother's Day"
    },
    {
        "date": "2023-06-23",
        "name": "National Day"
    },
    {
        "date": "2023-08-15",
        "name": "Assumption of Mary"
    },
    {
        "date": "2023-10-01",
        "name": "Father's Day"
    },
    {
        "date": "2023-11-01",
        "name": "All Saints' Day"
    },
    {
        "date": "2023-12-25",
        "name": "Christmas Day"
    },
    {
        "date": "2023-12-26",
        "name": "St Stephen's Day"
    },
    {
        "date": "2023-12-31",
        "name": "New Year's Eve"
    }
]