[
    {
        "date": "2019-01-01",
        "name": "New Year"
    },
    {
        "date": "2019-01-20",
        "name": "Army Day"
    },
    {
        "date": "2019-03-26",
        "name": "Martyrs' Day"
    },
    {
        "date": "2019-04-22",
        "name": "Easter Monday"
    },
    {
        "date": "2019-05-01",
        "name": "Workers' Day"
    },
    {
        "date": "2019-05-25",
        "name": "Africa Day"
    },
    {
        "date": "2019-06-03",
        "name": "Eid al-Fitr"
    },
    {
        "date": "2019-06-10",
        "name": "Whit Monday"
    },
    {
        "date": "2019-08-11",
        "name": "Eid al-Adha"
    },
    {
        "date": "2019-09-22",
        "name": "Independence Day"
    },
    {
        "date": "2019-11-10",
        "name": "The Prophet's Birthday"
    },
    {
        "date": "2019-11-16",
        "name": "Baptism of the Prophet"
    },
    {
        "date": "2019-12-25",
        "name": "Christmas Day"
    },
    {
        "date": "2020-01-01",
        "name": "New Year"
    },
    {
        "date": "2020-01-20",
        "name": "Army Day"
    },
    {
        "date": "2020-03-26",
        "name": "Martyrs' Day"
    },
    {
        "date": "2020-04-13",
        "name": "Easter Monday"
    },
    {
        "date": "2020-05-01",
        "name": "Workers' Day"
    },
    {
        "date": "2020-05-23",
        "name": "Eid al-Fitr"
    },
    {
        "date": "2020-05-25",
        "name": "Africa Day"
    },
    {
        "date": "2020-06-01",
        "name": "Whit Monday"
    },
    {
        "date": "2020-07-31",
        "name": "Eid al-Adha"
    },
    {
        "date": "2020-09-22",
        "name": "Independence Day"
    },
    {
        "date": "2020-10-29",
        "name": "The Prophet's Birthday"
    },
    {
        "date": "2020-11-05",
        "name": "Baptism of the Prophet"
    },
    {
        "date": "2020-12-25",
        "name": "Christmas Day"
    },
    {
        "date": "2021-01-01",
        "name": "New Year"
    },
    {
        "date": "2021-01-20",
        "name": "Army Day"
    },
    {
        "date": "2021-03-26",
        "name": "Martyrs' Day"
    },
    {
        "date": "2021-04-05",
        "name": "Easter Monday"
    },
    {
        "date": "2021-05-01",
        "name": "Workers' Day"
    },
    {
        "date": "2021-05-13",
        "name": "Eid al-Fitr"
    },
    {
        "date": "2021-05-24",
        "name": "Whit Monday"
    },
    {
        "date": "2021-05-25",
        "name": "Africa Day"
    },
    {
        "date": "2021-07-20",
        "name": "Eid al-Adha"
    },
    {
        "date": "2021-09-22",
        "name": "Independence Day"
    },
    {
        "date": "2021-10-19",
        "name": "The Prophet's Birthday"
    },
    {
        "date": "2021-10-26",
        "name": "Baptism of the Prophet"
    },
    {
        "date": "2021-12-25",
        "name": "Christmas Day"
    },
    {
        "date": "2022-01-01",
        "name": "New Year"
    },
    {
        "date": "2022-01-20",
        "name": "Army Day"
    },
    {
        "date": "2022-03-26",
        "name": "Martyrs' Day"
    },
    {
        "date": "2022-04-18",
        "name": "Easter Monday"
    },
    {
        "date": "2022-05-01",
        "name": "Workers' Day"
    },
    {
        "date": "2022-05-03",
        "name": "Eid al-Fitr"
    },
    {
        "date": "2022-05-25",
        "name": "Africa Day"
    },
    {
        "date": "2022-06-06",
        "name": "Whit Monday"
    },
    {
        "date": "2022-07-10",
        "name": "Eid al-Adha"
    },
    {
        "date": "2022-09-22",
        "name": "Independence Day"
    },
    {
        "date": "2022-10-08",
        "name": "The Prophet's Birthday"
    },
    {
        "date": "2022-10-16",
        "name": "Baptism of the Prophet"
    },
    {
        "date": "2022-12-25",
        "name": "Christmas Day"
    },
    {
        "date": "2023-01-01",
        "name": "New Year"
    },
    {
        "date": "2023-01-20",
        "name": "Army Day"
    },
    {
        "date": "2023-03-26",
        "name": "Martyrs' Day"
    },
    {
        "date": "2023-04-10",
        "name": "Easter Monday"
    },
    {
        "date": "2023-04-18",
        "name": "Leylatoul Qadr"
    },
    {
        "date": "2023-04-22",
        "name": "Eid al-Fitr"
    },
    {
        "date": "2023-05-01",
        "name": "Workers' Day"
    },
    {
        "date": "2023-05-25",
        "name": "Africa Day"
    },
    {
        "date": "2023-05-29",
        "name": "Whit Monday"
    },
    {
        "date": "2023-06-29",
        "name": "Eid al-Adha"
    },
    {
        "date": "2023-09-22",
        "name": "Independence Day"
    },
    {
        "date": "2023-09-27",
        "name": "The Prophet's Birthday"
    },
    {
        "date": "2023-10-05",
        "name": "Baptism of the Prophet"
    },
    {
        "date": "2023-12-25",
        "name": "Christmas Day"
    }
]