[
    {
        "date": "2019-01-01",
        "name": "New Year's Day"
    },
    {
        "date": "2019-03-17",
        "name": "St. Patrick's Day"
    },
    {
        "date": "2019-03-18",
        "name": "St. Patrick's Day observed"
    },
    {
        "date": "2019-04-19",
        "name": "Good Friday"
    },
    {
        "date": "2019-04-22",
        "name": "Easter Monday"
    },
    {
        "date": "2019-05-06",
        "name": "Labour Day"
    },
    {
        "date": "2019-06-10",
        "name": "Queen's Birthday Celebration"
    },
    {
        "date": "2019-06-10",
        "name": "Whit Monday"
    },
    {
        "date": "2019-08-05",
        "name": "Emancipation Day"
    },
    {
        "date": "2019-12-25",
        "name": "Christmas Day"
    },
    {
        "date": "2019-12-26",
        "name": "Boxing Day"
    },
    {
        "date": "2019-12-31",
        "name": "Festival Day"
    },
    {
        "date": "2020-01-01",
        "name": "New Year's Day"
    },
    {
        "date": "2020-03-17",
        "name": "St. Patrick's Day"
    },
    {
        "date": "2020-04-10",
        "name": "Good Friday"
    },
    {
        "date": "2020-04-13",
        "name": "Easter Monday"
    },
    {
        "date": "2020-05-04",
        "name": "Labour Day"
    },
    {
        "date": "2020-06-01",
        "name": "Whit Monday"
    },
    {
        "date": "2020-06-15",
        "name": "Queen's Birthday Celebration"
    },
    {
        "date": "2020-08-03",
        "name": "Emancipation Day"
    },
    {
        "date": "2020-12-25",
        "name": "Christmas Day"
    },
    {
        "date": "2020-12-26",
        "name": "Boxing Day"
    },
    {
        "date": "2020-12-28",
        "name": "Boxing Day observed"
    },
    {
        "date": "2020-12-31",
        "name": "Festival Day"
    },
    {
        "date": "2021-01-01",
        "name": "New Year's Day"
    },
    {
        "date": "2021-03-17",
        "name": "St. Patrick's Day"
    },
    {
        "date": "2021-04-02",
        "name": "Good Friday"
    },
    {
        "date": "2021-04-05",
        "name": "Easter Monday"
    },
    {
        "date": "2021-05-03",
        "name": "Labour Day"
    },
    {
        "date": "2021-05-24",
        "name": "Whit Monday"
    },
    {
        "date": "2021-06-14",
        "name": "Queen's Birthday Celebration"
    },
    {
        "date": "2021-08-02",
        "name": "Emancipation Day"
    },
    {
        "date": "2021-12-25",
        "name": "Christmas Day"
    },
    {
        "date": "2021-12-26",
        "name": "Boxing Day"
    },
    {
        "date": "2021-12-27",
        "name": "Christmas Day observed"
    },
    {
        "date": "2021-12-28",
        "name": "Boxing Day observed"
    },
    {
        "date": "2021-12-31",
        "name": "Festival Day"
    },
    {
        "date": "2022-01-01",
        "name": "New Year's Day"
    },
    {
        "date": "2022-01-03",
        "name": "New Year's Day observed"
    },
    {
        "date": "2022-03-17",
        "name": "St. Patrick's Day"
    },
    {
        "date": "2022-04-15",
        "name": "Good Friday"
    },
    {
        "date": "2022-04-18",
        "name": "Easter Monday"
    },
    {
        "date": "2022-05-02",
        "name": "Labour Day"
    },
    {
        "date": "2022-06-02",
        "name": "The Queen's Birthday Celebration"
    },
    {
        "date": "2022-06-03",
        "name": "The Queen's Platinum Jubilee"
    },
    {
        "date": "2022-06-06",
        "name": "Whit Monday"
    },
    {
        "date": "2022-08-01",
        "name": "Emancipation Day"
    },
    {
        "date": "2022-12-25",
        "name": "Christmas Day"
    },
    {
        "date": "2022-12-26",
        "name": "Boxing Day"
    },
    {
        "date": "2022-12-27",
        "name": "Christmas Day observed"
    },
    {
        "date": "2022-12-31",
        "name": "Festival Day"
    },
    {
        "date": "2023-01-01",
        "name": "New Year's Day"
    },
    {
        "date": "2023-01-02",
        "name": "New Year's Day observed"
    },
    {
        "date": "2023-03-17",
        "name": "St. Patrick's Day"
    },
    {
        "date": "2023-04-07",
        "name": "Good Friday"
    },
    {
        "date": "2023-04-10",
        "name": "Easter Monday"
    },
    {
        "date": "2023-05-01",
        "name": "Labour Day"
    },
    {
        "date": "2023-05-29",
        "name": "Whit Monday"
    },
    {
        "date": "2023-06-12",
        "name": "The Queen's Birthday Celebration"
    },
    {
        "date": "2023-08-07",
        "name": "Emancipation Day"
    },
    {
        "date": "2023-12-25",
        "name": "Christmas Day"
    },
    {
        "date": "2023-12-26",
        "name": "Boxing Day"
    },
    {
        "date": "2023-12-31",
        "name": "Festival Day"
    }
]