[
    {
        "date": "2019-01-01",
        "name": "New Year's Day"
    },
    {
        "date": "2019-01-02",
        "name": "Day after New Year's Day"
    },
    {
        "date": "2019-01-21",
        "name": "Wellington Anniversary Day (regional holiday)"
    },
    {
        "date": "2019-01-28",
        "name": "Auckland Anniversary Day (regional holiday)"
    },
    {
        "date": "2019-01-28",
        "name": "Northland Anniversary Day (Northland)"
    },
    {
        "date": "2019-02-04",
        "name": "Nelson Anniversary Day (regional holiday)"
    },
    {
        "date": "2019-02-06",
        "name": "Waitangi Day"
    },
    {
        "date": "2019-02-14",
        "name": "Valentine's Day"
    },
    {
        "date": "2019-03-11",
        "name": "Taranaki Anniversary Day (Taranaki)"
    },
    {
        "date": "2019-03-25",
        "name": "Otago Anniversary Day (Otago)"
    },
    {
        "date": "2019-04-01",
        "name": "April Fools"
    },
    {
        "date": "2019-04-19",
        "name": "Good Friday"
    },
    {
        "date": "2019-04-20",
        "name": "Holy Saturday"
    },
    {
        "date": "2019-04-21",
        "name": "Easter Sunday"
    },
    {
        "date": "2019-04-22",
        "name": "Easter Monday"
    },
    {
        "date": "2019-04-23",
        "name": "Southland Anniversary Day (Southland)"
    },
    {
        "date": "2019-04-25",
        "name": "ANZAC Day"
    },
    {
        "date": "2019-05-12",
        "name": "Mother's Day"
    },
    {
        "date": "2019-06-03",
        "name": "Queen's Birthday"
    },
    {
        "date": "2019-09-01",
        "name": "Father's Day"
    },
    {
        "date": "2019-09-23",
        "name": "South Canterbury Anniversary Day (Canterbury)"
    },
    {
        "date": "2019-10-25",
        "name": "Hawke's Bay Anniversary Day (Hawke's Bay)"
    },
    {
        "date": "2019-10-28",
        "name": "Labour Day"
    },
    {
        "date": "2019-11-04",
        "name": "Marlborough Anniversary Day (Marlborough)"
    },
    {
        "date": "2019-11-05",
        "name": "Guy Fawkes Night"
    },
    {
        "date": "2019-11-15",
        "name": "Canterbury Anniversary Day (Canterbury)"
    },
    {
        "date": "2019-12-02",
        "name": "Chatham Islands Anniversary Day (Chatham Islands)"
    },
    {
        "date": "2019-12-02",
        "name": "Westland Anniversary Day (West Coast)"
    },
    {
        "date": "2019-12-24",
        "name": "Christmas Eve"
    },
    {
        "date": "2019-12-25",
        "name": "Christmas Day"
    },
    {
        "date": "2019-12-26",
        "name": "Boxing Day"
    },
    {
        "date": "2019-12-31",
        "name": "New Year's Eve"
    },
    {
        "date": "2020-01-01",
        "name": "New Year's Day"
    },
    {
        "date": "2020-01-02",
        "name": "Day after New Year's Day"
    },
    {
        "date": "2020-01-20",
        "name": "Wellington Anniversary Day (regional holiday)"
    },
    {
        "date": "2020-01-27",
        "name": "Auckland Anniversary Day (regional holiday)"
    },
    {
        "date": "2020-01-27",
        "name": "Northland Anniversary Day (Northland)"
    },
    {
        "date": "2020-02-03",
        "name": "Nelson Anniversary Day (regional holiday)"
    },
    {
        "date": "2020-02-06",
        "name": "Waitangi Day"
    },
    {
        "date": "2020-02-14",
        "name": "Valentine's Day"
    },
    {
        "date": "2020-03-09",
        "name": "Taranaki Anniversary Day (Taranaki)"
    },
    {
        "date": "2020-03-23",
        "name": "Otago Anniversary Day (Otago)"
    },
    {
        "date": "2020-04-01",
        "name": "April Fools"
    },
    {
        "date": "2020-04-10",
        "name": "Good Friday"
    },
    {
        "date": "2020-04-11",
        "name": "Holy Saturday"
    },
    {
        "date": "2020-04-12",
        "name": "Easter Sunday"
    },
    {
        "date": "2020-04-13",
        "name": "Easter Monday"
    },
    {
        "date": "2020-04-14",
        "name": "Southland Anniversary Day (Southland)"
    },
    {
        "date": "2020-04-25",
        "name": "ANZAC Day"
    },
    {
        "date": "2020-04-27",
        "name": "ANZAC Day observed"
    },
    {
        "date": "2020-05-10",
        "name": "Mother's Day"
    },
    {
        "date": "2020-06-01",
        "name": "Queen's Birthday"
    },
    {
        "date": "2020-09-06",
        "name": "Father's Day"
    },
    {
        "date": "2020-09-28",
        "name": "South Canterbury Anniversary Day (Canterbury)"
    },
    {
        "date": "2020-10-23",
        "name": "Hawke's Bay Anniversary Day (Hawke's Bay)"
    },
    {
        "date": "2020-10-26",
        "name": "Labour Day"
    },
    {
        "date": "2020-11-02",
        "name": "Marlborough Anniversary Day (Marlborough)"
    },
    {
        "date": "2020-11-05",
        "name": "Guy Fawkes Night"
    },
    {
        "date": "2020-11-13",
        "name": "Canterbury Anniversary Day (Canterbury)"
    },
    {
        "date": "2020-11-30",
        "name": "Chatham Islands Anniversary Day (Chatham Islands)"
    },
    {
        "date": "2020-11-30",
        "name": "Westland Anniversary Day (West Coast)"
    },
    {
        "date": "2020-12-24",
        "name": "Christmas Eve"
    },
    {
        "date": "2020-12-25",
        "name": "Christmas Day"
    },
    {
        "date": "2020-12-26",
        "name": "Boxing Day"
    },
    {
        "date": "2020-12-28",
        "name": "Boxing Day Observed"
    },
    {
        "date": "2020-12-31",
        "name": "New Year's Eve"
    },
    {
        "date": "2021-01-01",
        "name": "New Year's Day"
    },
    {
        "date": "2021-01-04",
        "name": "Day after New Year's Day"
    },
    {
        "date": "2021-01-25",
        "name": "Wellington Anniversary Day (regional holiday)"
    },
    {
        "date": "2021-02-01",
        "name": "Auckland Anniversary Day (regional holiday)"
    },
    {
        "date": "2021-02-01",
        "name": "Nelson Anniversary Day (regional holiday)"
    },
    {
        "date": "2021-02-01",
        "name": "Northland Anniversary Day (Northland)"
    },
    {
        "date": "2021-02-06",
        "name": "Waitangi Day"
    },
    {
        "date": "2021-02-08",
        "name": "Waitangi Day observed"
    },
    {
        "date": "2021-02-14",
        "name": "Valentine's Day"
    },
    {
        "date": "2021-03-08",
        "name": "Taranaki Anniversary Day (Taranaki)"
    },
    {
        "date": "2021-03-22",
        "name": "Otago Anniversary Day (Otago)"
    },
    {
        "date": "2021-04-01",
        "name": "April Fools"
    },
    {
        "date": "2021-04-02",
        "name": "Good Friday"
    },
    {
        "date": "2021-04-03",
        "name": "Holy Saturday"
    },
    {
        "date": "2021-04-04",
        "name": "Easter Sunday"
    },
    {
        "date": "2021-04-05",
        "name": "Easter Monday"
    },
    {
        "date": "2021-04-06",
        "name": "Southland Anniversary Day (Southland)"
    },
    {
        "date": "2021-04-25",
        "name": "ANZAC Day"
    },
    {
        "date": "2021-04-26",
        "name": "Day off for ANZAC Day"
    },
    {
        "date": "2021-05-09",
        "name": "Mother's Day"
    },
    {
        "date": "2021-06-07",
        "name": "Queen's Birthday"
    },
    {
        "date": "2021-09-05",
        "name": "Father's Day"
    },
    {
        "date": "2021-09-27",
        "name": "South Canterbury Anniversary Day (Canterbury)"
    },
    {
        "date": "2021-10-22",
        "name": "Hawke's Bay Anniversary Day (Hawke's Bay)"
    },
    {
        "date": "2021-10-25",
        "name": "Labour Day"
    },
    {
        "date": "2021-11-01",
        "name": "Marlborough Anniversary Day (Marlborough)"
    },
    {
        "date": "2021-11-05",
        "name": "Guy Fawkes Night"
    },
    {
        "date": "2021-11-12",
        "name": "Canterbury Anniversary Day (Canterbury)"
    },
    {
        "date": "2021-11-29",
        "name": "Chatham Islands Anniversary Day (Chatham Islands)"
    },
    {
        "date": "2021-11-29",
        "name": "Westland Anniversary Day (West Coast)"
    },
    {
        "date": "2021-12-24",
        "name": "Christmas Eve"
    },
    {
        "date": "2021-12-25",
        "name": "Christmas Day"
    },
    {
        "date": "2021-12-26",
        "name": "Boxing Day"
    },
    {
        "date": "2021-12-27",
        "name": "Day off for Christmas Day"
    },
    {
        "date": "2021-12-28",
        "name": "Day off for Boxing Day"
    },
    {
        "date": "2021-12-31",
        "name": "New Year's Eve"
    },
    {
        "date": "2022-01-01",
        "name": "New Year's Day"
    },
    {
        "date": "2022-01-02",
        "name": "Day after New Year's Day"
    },
    {
        "date": "2022-01-03",
        "name": "Day off for New Year's Day"
    },
    {
        "date": "2022-01-04",
        "name": "Day off for Day after New Year's Day"
    },
    {
        "date": "2022-01-24",
        "name": "Wellington Anniversary Day (regional holiday)"
    },
    {
        "date": "2022-01-31",
        "name": "Auckland Anniversary Day (regional holiday)"
    },
    {
        "date": "2022-01-31",
        "name": "Nelson Anniversary Day (regional holiday)"
    },
    {
        "date": "2022-01-31",
        "name": "Northland Anniversary Day (Northland)"
    },
    {
        "date": "2022-02-06",
        "name": "Waitangi Day"
    },
    {
        "date": "2022-02-07",
        "name": "Day off for Waitangi Day"
    },
    {
        "date": "2022-02-14",
        "name": "Valentine's Day"
    },
    {
        "date": "2022-03-14",
        "name": "Taranaki Anniversary Day (Taranaki)"
    },
    {
        "date": "2022-03-21",
        "name": "Otago Anniversary Day (Otago)"
    },
    {
        "date": "2022-04-01",
        "name": "April Fools"
    },
    {
        "date": "2022-04-15",
        "name": "Good Friday"
    },
    {
        "date": "2022-04-16",
        "name": "Holy Saturday"
    },
    {
        "date": "2022-04-17",
        "name": "Easter Sunday"
    },
    {
        "date": "2022-04-18",
        "name": "Easter Monday"
    },
    {
        "date": "2022-04-19",
        "name": "Southland Anniversary Day (Southland)"
    },
    {
        "date": "2022-04-25",
        "name": "ANZAC Day"
    },
    {
        "date": "2022-05-08",
        "name": "Mother's Day"
    },
    {
        "date": "2022-06-06",
        "name": "Queen's Birthday"
    },
    {
        "date": "2022-06-24",
        "name": "Matariki"
    },
    {
        "date": "2022-09-04",
        "name": "Father's Day"
    },
    {
        "date": "2022-09-26",
        "name": "South Canterbury Anniversary Day (Canterbury)"
    },
    {
        "date": "2022-10-21",
        "name": "Hawke's Bay Anniversary Day (Hawke's Bay)"
    },
    {
        "date": "2022-10-24",
        "name": "Labour Day"
    },
    {
        "date": "2022-10-31",
        "name": "Marlborough Anniversary Day (Marlborough)"
    },
    {
        "date": "2022-11-05",
        "name": "Guy Fawkes Night"
    },
    {
        "date": "2022-11-11",
        "name": "Canterbury Anniversary Day (Canterbury)"
    },
    {
        "date": "2022-11-28",
        "name": "Chatham Islands Anniversary Day (Chatham Islands)"
    },
    {
        "date": "2022-11-28",
        "name": "Westland Anniversary Day (West Coast)"
    },
    {
        "date": "2022-12-24",
        "name": "Christmas Eve"
    },
    {
        "date": "2022-12-25",
        "name": "Christmas Day"
    },
    {
        "date": "2022-12-26",
        "name": "Boxing Day"
    },
    {
        "date": "2022-12-27",
        "name": "Day off for Christmas Day"
    },
    {
        "date": "2022-12-31",
        "name": "New Year's Eve"
    },
    {
        "date": "2023-01-01",
        "name": "New Year's Day"
    },
    {
        "date": "2023-01-02",
        "name": "Day after New Year's Day"
    },
    {
        "date": "2023-01-03",
        "name": "Day off for New Year's Day"
    },
    {
        "date": "2023-01-23",
        "name": "Wellington Anniversary Day (regional holiday)"
    },
    {
        "date": "2023-01-30",
        "name": "Auckland Anniversary Day (regional holiday)"
    },
    {
        "date": "2023-01-30",
        "name": "Nelson Anniversary Day (regional holiday)"
    },
    {
        "date": "2023-01-30",
        "name": "Northland Anniversary Day (Northland)"
    },
    {
        "date": "2023-02-06",
        "name": "Waitangi Day"
    },
    {
        "date": "2023-02-14",
        "name": "Valentine's Day"
    },
    {
        "date": "2023-03-13",
        "name": "Taranaki Anniversary Day (Taranaki)"
    },
    {
        "date": "2023-03-20",
        "name": "Otago Anniversary Day (Otago)"
    },
    {
        "date": "2023-04-01",
        "name": "April Fools"
    },
    {
        "date": "2023-04-07",
        "name": "Good Friday"
    },
    {
        "date": "2023-04-08",
        "name": "Holy Saturday"
    },
    {
        "date": "2023-04-09",
        "name": "Easter Sunday"
    },
    {
        "date": "2023-04-10",
        "name": "Easter Monday"
    },
    {
        "date": "2023-04-11",
        "name": "Southland Anniversary Day (Southland)"
    },
    {
        "date": "2023-04-25",
        "name": "ANZAC Day"
    },
    {
        "date": "2023-05-14",
        "name": "Mother's Day"
    },
    {
        "date": "2023-06-05",
        "name": "Queen's Birthday"
    },
    {
        "date": "2023-07-14",
        "name": "Matariki"
    },
    {
        "date": "2023-09-03",
        "name": "Father's Day"
    },
    {
        "date": "2023-09-25",
        "name": "South Canterbury Anniversary Day (Canterbury)"
    },
    {
        "date": "2023-10-20",
        "name": "Hawke's Bay Anniversary Day (Hawke's Bay)"
    },
    {
        "date": "2023-10-23",
        "name": "Labour Day"
    },
    {
        "date": "2023-10-30",
        "name": "Marlborough Anniversary Day (Marlborough)"
    },
    {
        "date": "2023-11-05",
        "name": "Guy Fawkes Night"
    },
    {
        "date": "2023-11-17",
        "name": "Canterbury Anniversary Day (Canterbury)"
    },
    {
        "date": "2023-11-27",
        "name": "Chatham Islands Anniversary Day (Chatham Islands)"
    },
    {
        "date": "2023-12-04",
        "name": "Westland Anniversary Day (West Coast)"
    },
    {
        "date": "2023-12-24",
        "name": "Christmas Eve"
    },
    {
        "date": "2023-12-25",
        "name": "Christmas Day"
    },
    {
        "date": "2023-12-26",
        "name": "Boxing Day"
    },
    {
        "date": "2023-12-31",
        "name": "New Year's Eve"
    }
]