[
    {
        "date": "2019-01-01",
        "name": "New Year's Day"
    },
    {
        "date": "2019-01-16",
        "name": "Signing of the Peace Accords"
    },
    {
        "date": "2019-03-08",
        "name": "Women's Day"
    },
    {
        "date": "2019-03-26",
        "name": "National Day of Life, Peace and Justice"
    },
    {
        "date": "2019-04-14",
        "name": "Palm Sunday"
    },
    {
        "date": "2019-04-18",
        "name": "Maundy Thursday"
    },
    {
        "date": "2019-04-19",
        "name": "Good Friday"
    },
    {
        "date": "2019-04-20",
        "name": "Holy Saturday"
    },
    {
        "date": "2019-04-21",
        "name": "Easter Sunday"
    },
    {
        "date": "2019-05-01",
        "name": "Labor Day \/ May Day"
    },
    {
        "date": "2019-05-03",
        "name": "Cross Day"
    },
    {
        "date": "2019-05-07",
        "name": "Soldiers' Day"
    },
    {
        "date": "2019-05-10",
        "name": "Mothers' Day"
    },
    {
        "date": "2019-06-17",
        "name": "Fathers' Day"
    },
    {
        "date": "2019-06-22",
        "name": "Teachers' Day"
    },
    {
        "date": "2019-08-06",
        "name": "Celebrations of San Salvador"
    },
    {
        "date": "2019-09-15",
        "name": "Independence Day"
    },
    {
        "date": "2019-10-01",
        "name": "Children's Day"
    },
    {
        "date": "2019-10-12",
        "name": "Columbus Day"
    },
    {
        "date": "2019-11-02",
        "name": "All Saints Day"
    },
    {
        "date": "2019-12-24",
        "name": "Christmas Eve"
    },
    {
        "date": "2019-12-25",
        "name": "Christmas Day"
    },
    {
        "date": "2019-12-31",
        "name": "New Year's Eve"
    },
    {
        "date": "2020-01-01",
        "name": "New Year's Day"
    },
    {
        "date": "2020-01-16",
        "name": "Signing of the Peace Accords"
    },
    {
        "date": "2020-03-08",
        "name": "Women's Day"
    },
    {
        "date": "2020-03-26",
        "name": "National Day of Life, Peace and Justice"
    },
    {
        "date": "2020-04-05",
        "name": "Palm Sunday"
    },
    {
        "date": "2020-04-09",
        "name": "Maundy Thursday"
    },
    {
        "date": "2020-04-10",
        "name": "Good Friday"
    },
    {
        "date": "2020-04-11",
        "name": "Holy Saturday"
    },
    {
        "date": "2020-04-12",
        "name": "Easter Sunday"
    },
    {
        "date": "2020-05-01",
        "name": "Labor Day \/ May Day"
    },
    {
        "date": "2020-05-03",
        "name": "Cross Day"
    },
    {
        "date": "2020-05-07",
        "name": "Soldiers' Day"
    },
    {
        "date": "2020-05-10",
        "name": "Mothers' Day"
    },
    {
        "date": "2020-06-17",
        "name": "Fathers' Day"
    },
    {
        "date": "2020-06-22",
        "name": "Teachers' Day"
    },
    {
        "date": "2020-08-06",
        "name": "Celebrations of San Salvador"
    },
    {
        "date": "2020-09-15",
        "name": "Independence Day"
    },
    {
        "date": "2020-10-01",
        "name": "Children's Day"
    },
    {
        "date": "2020-10-12",
        "name": "Columbus Day"
    },
    {
        "date": "2020-11-02",
        "name": "All Saints Day"
    },
    {
        "date": "2020-12-24",
        "name": "Christmas Eve"
    },
    {
        "date": "2020-12-25",
        "name": "Christmas Day"
    },
    {
        "date": "2020-12-31",
        "name": "New Year's Eve"
    },
    {
        "date": "2021-01-01",
        "name": "New Year's Day"
    },
    {
        "date": "2021-01-16",
        "name": "Signing of the Peace Accords"
    },
    {
        "date": "2021-03-08",
        "name": "Women's Day"
    },
    {
        "date": "2021-03-26",
        "name": "National Day of Life, Peace and Justice"
    },
    {
        "date": "2021-03-28",
        "name": "Palm Sunday"
    },
    {
        "date": "2021-04-01",
        "name": "Maundy Thursday"
    },
    {
        "date": "2021-04-02",
        "name": "Good Friday"
    },
    {
        "date": "2021-04-03",
        "name": "Holy Saturday"
    },
    {
        "date": "2021-04-04",
        "name": "Easter Sunday"
    },
    {
        "date": "2021-05-01",
        "name": "Labor Day \/ May Day"
    },
    {
        "date": "2021-05-03",
        "name": "Cross Day"
    },
    {
        "date": "2021-05-07",
        "name": "Soldiers' Day"
    },
    {
        "date": "2021-05-10",
        "name": "Mothers' Day"
    },
    {
        "date": "2021-06-17",
        "name": "Fathers' Day"
    },
    {
        "date": "2021-06-22",
        "name": "Teachers' Day"
    },
    {
        "date": "2021-08-06",
        "name": "Celebrations of San Salvador"
    },
    {
        "date": "2021-09-15",
        "name": "Independence Day"
    },
    {
        "date": "2021-10-01",
        "name": "Children's Day"
    },
    {
        "date": "2021-10-12",
        "name": "Columbus Day"
    },
    {
        "date": "2021-11-02",
        "name": "All Saints Day"
    },
    {
        "date": "2021-12-24",
        "name": "Christmas Eve"
    },
    {
        "date": "2021-12-25",
        "name": "Christmas Day"
    },
    {
        "date": "2021-12-31",
        "name": "New Year's Eve"
    },
    {
        "date": "2022-01-01",
        "name": "New Year's Day"
    },
    {
        "date": "2022-01-16",
        "name": "Signing of the Peace Accords"
    },
    {
        "date": "2022-03-08",
        "name": "Women's Day"
    },
    {
        "date": "2022-03-26",
        "name": "National Day of Life, Peace and Justice"
    },
    {
        "date": "2022-04-10",
        "name": "Palm Sunday"
    },
    {
        "date": "2022-04-14",
        "name": "Maundy Thursday"
    },
    {
        "date": "2022-04-15",
        "name": "Good Friday"
    },
    {
        "date": "2022-04-16",
        "name": "Holy Saturday"
    },
    {
        "date": "2022-04-17",
        "name": "Easter Sunday"
    },
    {
        "date": "2022-05-01",
        "name": "Labor Day \/ May Day"
    },
    {
        "date": "2022-05-03",
        "name": "Cross Day"
    },
    {
        "date": "2022-05-07",
        "name": "Soldiers' Day"
    },
    {
        "date": "2022-05-10",
        "name": "Mothers' Day"
    },
    {
        "date": "2022-06-17",
        "name": "Fathers' Day"
    },
    {
        "date": "2022-06-22",
        "name": "Teachers' Day"
    },
    {
        "date": "2022-08-06",
        "name": "Celebrations of San Salvador"
    },
    {
        "date": "2022-09-15",
        "name": "Independence Day"
    },
    {
        "date": "2022-10-01",
        "name": "Children's Day"
    },
    {
        "date": "2022-11-02",
        "name": "All Saints Day"
    },
    {
        "date": "2022-12-24",
        "name": "Christmas Eve"
    },
    {
        "date": "2022-12-25",
        "name": "Christmas Day"
    },
    {
        "date": "2022-12-31",
        "name": "New Year's Eve"
    },
    {
        "date": "2023-01-01",
        "name": "New Year's Day"
    },
    {
        "date": "2023-01-16",
        "name": "Signing of the Peace Accords"
    },
    {
        "date": "2023-03-08",
        "name": "Women's Day"
    },
    {
        "date": "2023-03-26",
        "name": "National Day of Life, Peace and Justice"
    },
    {
        "date": "2023-04-02",
        "name": "Palm Sunday"
    },
    {
        "date": "2023-04-06",
        "name": "Maundy Thursday"
    },
    {
        "date": "2023-04-07",
        "name": "Good Friday"
    },
    {
        "date": "2023-04-08",
        "name": "Holy Saturday"
    },
    {
        "date": "2023-04-09",
        "name": "Easter Sunday"
    },
    {
        "date": "2023-05-01",
        "name": "Labor Day \/ May Day"
    },
    {
        "date": "2023-05-03",
        "name": "Cross Day"
    },
    {
        "date": "2023-05-07",
        "name": "Soldiers' Day"
    },
    {
        "date": "2023-05-10",
        "name": "Mothers' Day"
    },
    {
        "date": "2023-06-17",
        "name": "Fathers' Day"
    },
    {
        "date": "2023-06-22",
        "name": "Teachers' Day"
    },
    {
        "date": "2023-08-06",
        "name": "Celebrations of San Salvador"
    },
    {
        "date": "2023-09-15",
        "name": "Independence Day"
    },
    {
        "date": "2023-10-01",
        "name": "Children's Day"
    },
    {
        "date": "2023-11-02",
        "name": "All Saints Day"
    },
    {
        "date": "2023-12-24",
        "name": "Christmas Eve"
    },
    {
        "date": "2023-12-25",
        "name": "Christmas Day"
    },
    {
        "date": "2023-12-31",
        "name": "New Year's Eve"
    }
]