[
    {
        "date": "2019-01-01",
        "name": "New Year's Day"
    },
    {
        "date": "2019-01-12",
        "name": "Zanzibar Revolution Day"
    },
    {
        "date": "2019-04-07",
        "name": "Karume Day"
    },
    {
        "date": "2019-04-19",
        "name": "Good Friday"
    },
    {
        "date": "2019-04-21",
        "name": "Easter Sunday"
    },
    {
        "date": "2019-04-22",
        "name": "Easter Monday"
    },
    {
        "date": "2019-04-26",
        "name": "Union Day"
    },
    {
        "date": "2019-05-01",
        "name": "Worker's Day"
    },
    {
        "date": "2019-05-12",
        "name": "Mothers' Day"
    },
    {
        "date": "2019-06-05",
        "name": "Eid el Fitri"
    },
    {
        "date": "2019-07-07",
        "name": "Saba Saba"
    },
    {
        "date": "2019-08-08",
        "name": "Farmers' Day"
    },
    {
        "date": "2019-08-12",
        "name": "Eid al-Adha"
    },
    {
        "date": "2019-10-14",
        "name": "Mwalimu Nyerere Day"
    },
    {
        "date": "2019-11-10",
        "name": "Maulid"
    },
    {
        "date": "2019-12-09",
        "name": "Independence Day"
    },
    {
        "date": "2019-12-24",
        "name": "Christmas Eve"
    },
    {
        "date": "2019-12-25",
        "name": "Christmas Day"
    },
    {
        "date": "2019-12-26",
        "name": "Boxing Day"
    },
    {
        "date": "2020-01-01",
        "name": "New Year's Day"
    },
    {
        "date": "2020-01-12",
        "name": "Zanzibar Revolution Day"
    },
    {
        "date": "2020-04-07",
        "name": "Karume Day"
    },
    {
        "date": "2020-04-10",
        "name": "Good Friday"
    },
    {
        "date": "2020-04-12",
        "name": "Easter Sunday"
    },
    {
        "date": "2020-04-13",
        "name": "Easter Monday"
    },
    {
        "date": "2020-04-26",
        "name": "Union Day"
    },
    {
        "date": "2020-05-01",
        "name": "Worker's Day"
    },
    {
        "date": "2020-05-10",
        "name": "Mothers' Day"
    },
    {
        "date": "2020-05-24",
        "name": "Eid el Fitri"
    },
    {
        "date": "2020-07-07",
        "name": "Saba Saba"
    },
    {
        "date": "2020-07-31",
        "name": "Eid al-Adha"
    },
    {
        "date": "2020-08-08",
        "name": "Farmers' Day"
    },
    {
        "date": "2020-10-14",
        "name": "Mwalimu Nyerere Day"
    },
    {
        "date": "2020-10-29",
        "name": "Maulid"
    },
    {
        "date": "2020-12-09",
        "name": "Independence Day"
    },
    {
        "date": "2020-12-24",
        "name": "Christmas Eve"
    },
    {
        "date": "2020-12-25",
        "name": "Christmas Day"
    },
    {
        "date": "2020-12-26",
        "name": "Boxing Day"
    },
    {
        "date": "2021-01-01",
        "name": "New Year's Day"
    },
    {
        "date": "2021-01-12",
        "name": "Zanzibar Revolution Day"
    },
    {
        "date": "2021-04-02",
        "name": "Good Friday"
    },
    {
        "date": "2021-04-04",
        "name": "Easter Sunday"
    },
    {
        "date": "2021-04-05",
        "name": "Easter Monday"
    },
    {
        "date": "2021-04-07",
        "name": "Karume Day"
    },
    {
        "date": "2021-04-26",
        "name": "Union Day"
    },
    {
        "date": "2021-05-01",
        "name": "Worker's Day"
    },
    {
        "date": "2021-05-09",
        "name": "Mothers' Day"
    },
    {
        "date": "2021-05-14",
        "name": "Eid el Fitri"
    },
    {
        "date": "2021-05-14",
        "name": "Eid el Fitri Holiday"
    },
    {
        "date": "2021-05-15",
        "name": "Eid el Fitri Holiday"
    },
    {
        "date": "2021-07-07",
        "name": "Saba Saba"
    },
    {
        "date": "2021-07-21",
        "name": "Eid al-Adha"
    },
    {
        "date": "2021-08-08",
        "name": "Farmers' Day"
    },
    {
        "date": "2021-10-14",
        "name": "Mwalimu Nyerere Day"
    },
    {
        "date": "2021-10-19",
        "name": "Maulid"
    },
    {
        "date": "2021-12-09",
        "name": "Independence Day"
    },
    {
        "date": "2021-12-24",
        "name": "Christmas Eve"
    },
    {
        "date": "2021-12-25",
        "name": "Christmas Day"
    },
    {
        "date": "2021-12-26",
        "name": "Boxing Day"
    },
    {
        "date": "2022-01-01",
        "name": "New Year's Day"
    },
    {
        "date": "2022-01-12",
        "name": "Zanzibar Revolution Day"
    },
    {
        "date": "2022-04-07",
        "name": "Karume Day"
    },
    {
        "date": "2022-04-15",
        "name": "Good Friday"
    },
    {
        "date": "2022-04-17",
        "name": "Easter Sunday"
    },
    {
        "date": "2022-04-18",
        "name": "Easter Monday"
    },
    {
        "date": "2022-04-26",
        "name": "Union Day"
    },
    {
        "date": "2022-05-01",
        "name": "Worker's Day"
    },
    {
        "date": "2022-05-03",
        "name": "Eid el Fitri"
    },
    {
        "date": "2022-05-04",
        "name": "Eid el Fitri Holiday"
    },
    {
        "date": "2022-05-08",
        "name": "Mothers' Day"
    },
    {
        "date": "2022-07-07",
        "name": "Saba Saba"
    },
    {
        "date": "2022-07-10",
        "name": "Eid al-Adha"
    },
    {
        "date": "2022-08-08",
        "name": "Farmers' Day"
    },
    {
        "date": "2022-10-08",
        "name": "Maulid"
    },
    {
        "date": "2022-10-14",
        "name": "Mwalimu Nyerere Day"
    },
    {
        "date": "2022-12-09",
        "name": "Independence Day"
    },
    {
        "date": "2022-12-24",
        "name": "Christmas Eve"
    },
    {
        "date": "2022-12-25",
        "name": "Christmas Day"
    },
    {
        "date": "2022-12-26",
        "name": "Boxing Day"
    },
    {
        "date": "2023-01-01",
        "name": "New Year's Day"
    },
    {
        "date": "2023-01-12",
        "name": "Zanzibar Revolution Day"
    },
    {
        "date": "2023-04-07",
        "name": "Good Friday"
    },
    {
        "date": "2023-04-07",
        "name": "Karume Day"
    },
    {
        "date": "2023-04-09",
        "name": "Easter Sunday"
    },
    {
        "date": "2023-04-10",
        "name": "Easter Monday"
    },
    {
        "date": "2023-04-22",
        "name": "Eid el Fitri"
    },
    {
        "date": "2023-04-23",
        "name": "Eid el Fitri Holiday"
    },
    {
        "date": "2023-04-26",
        "name": "Union Day"
    },
    {
        "date": "2023-05-01",
        "name": "Worker's Day"
    },
    {
        "date": "2023-05-14",
        "name": "Mothers' Day"
    },
    {
        "date": "2023-06-29",
        "name": "Eid al-Adha"
    },
    {
        "date": "2023-07-07",
        "name": "Saba Saba"
    },
    {
        "date": "2023-08-08",
        "name": "Farmers' Day"
    },
    {
        "date": "2023-09-27",
        "name": "Maulid"
    },
    {
        "date": "2023-10-14",
        "name": "Mwalimu Nyerere Day"
    },
    {
        "date": "2023-12-09",
        "name": "Independence Day"
    },
    {
        "date": "2023-12-24",
        "name": "Christmas Eve"
    },
    {
        "date": "2023-12-25",
        "name": "Christmas Day"
    },
    {
        "date": "2023-12-26",
        "name": "Boxing Day"
    }
]