[
    {
        "date": "2019-01-01",
        "name": "New Year's Day"
    },
    {
        "date": "2019-02-28",
        "name": "Carnaval Non-working Holiday"
    },
    {
        "date": "2019-03-01",
        "name": "Carnaval Non-working Holiday"
    },
    {
        "date": "2019-03-04",
        "name": "Carnival \/ Shrove Monday"
    },
    {
        "date": "2019-03-05",
        "name": "Carnival \/ Shrove Tuesday"
    },
    {
        "date": "2019-03-11",
        "name": "Power Outage National Holiday"
    },
    {
        "date": "2019-03-12",
        "name": "Power Outage National Holiday"
    },
    {
        "date": "2019-03-26",
        "name": "Power Outage National Holiday"
    },
    {
        "date": "2019-04-14",
        "name": "Palm Sunday"
    },
    {
        "date": "2019-04-18",
        "name": "Maundy Thursday"
    },
    {
        "date": "2019-04-19",
        "name": "Declaration of Independence"
    },
    {
        "date": "2019-04-19",
        "name": "Good Friday"
    },
    {
        "date": "2019-04-21",
        "name": "Easter Sunday"
    },
    {
        "date": "2019-05-01",
        "name": "Labor Day \/ May Day"
    },
    {
        "date": "2019-05-30",
        "name": "Ascension Day"
    },
    {
        "date": "2019-06-20",
        "name": "Corpus Christi"
    },
    {
        "date": "2019-06-24",
        "name": "Carabobo Battle"
    },
    {
        "date": "2019-07-05",
        "name": "Independence Day"
    },
    {
        "date": "2019-07-24",
        "name": "Sim\u00f3n Bol\u00edvar's Birthday"
    },
    {
        "date": "2019-08-03",
        "name": "Flag's Day"
    },
    {
        "date": "2019-08-04",
        "name": "National Guard's Day"
    },
    {
        "date": "2019-08-15",
        "name": "Assumption of Mary"
    },
    {
        "date": "2019-09-11",
        "name": "Our Lady of Coromoto"
    },
    {
        "date": "2019-10-12",
        "name": "Indigenous Resistance's Day"
    },
    {
        "date": "2019-11-01",
        "name": "All Saints Day"
    },
    {
        "date": "2019-11-02",
        "name": "All Souls Day"
    },
    {
        "date": "2019-11-04",
        "name": "All Saints Day observed"
    },
    {
        "date": "2019-11-27",
        "name": "Aviation Day"
    },
    {
        "date": "2019-12-24",
        "name": "Christmas Eve"
    },
    {
        "date": "2019-12-25",
        "name": "Christmas Day"
    },
    {
        "date": "2019-12-31",
        "name": "New Year's Eve"
    },
    {
        "date": "2020-01-01",
        "name": "New Year's Day"
    },
    {
        "date": "2020-02-24",
        "name": "Carnival \/ Shrove Monday"
    },
    {
        "date": "2020-02-25",
        "name": "Carnival \/ Shrove Tuesday"
    },
    {
        "date": "2020-04-05",
        "name": "Palm Sunday"
    },
    {
        "date": "2020-04-09",
        "name": "Maundy Thursday"
    },
    {
        "date": "2020-04-10",
        "name": "Good Friday"
    },
    {
        "date": "2020-04-12",
        "name": "Easter Sunday"
    },
    {
        "date": "2020-04-19",
        "name": "Declaration of Independence"
    },
    {
        "date": "2020-05-01",
        "name": "Labor Day \/ May Day"
    },
    {
        "date": "2020-06-24",
        "name": "Carabobo Battle"
    },
    {
        "date": "2020-07-05",
        "name": "Independence Day"
    },
    {
        "date": "2020-07-24",
        "name": "Sim\u00f3n Bol\u00edvar's Birthday"
    },
    {
        "date": "2020-08-03",
        "name": "Flag's Day"
    },
    {
        "date": "2020-08-04",
        "name": "National Guard's Day"
    },
    {
        "date": "2020-09-11",
        "name": "Our Lady of Coromoto"
    },
    {
        "date": "2020-10-12",
        "name": "Indigenous Resistance's Day"
    },
    {
        "date": "2020-11-01",
        "name": "All Saints Day"
    },
    {
        "date": "2020-11-02",
        "name": "All Souls Day"
    },
    {
        "date": "2020-11-27",
        "name": "Aviation Day"
    },
    {
        "date": "2020-12-24",
        "name": "Christmas Eve"
    },
    {
        "date": "2020-12-25",
        "name": "Christmas Day"
    },
    {
        "date": "2020-12-31",
        "name": "New Year's Eve"
    },
    {
        "date": "2021-01-01",
        "name": "New Year's Day"
    },
    {
        "date": "2021-02-15",
        "name": "Carnival \/ Shrove Monday"
    },
    {
        "date": "2021-02-16",
        "name": "Carnival \/ Shrove Tuesday"
    },
    {
        "date": "2021-03-28",
        "name": "Palm Sunday"
    },
    {
        "date": "2021-04-01",
        "name": "Maundy Thursday"
    },
    {
        "date": "2021-04-02",
        "name": "Good Friday"
    },
    {
        "date": "2021-04-04",
        "name": "Easter Sunday"
    },
    {
        "date": "2021-04-19",
        "name": "Declaration of Independence"
    },
    {
        "date": "2021-05-01",
        "name": "Labor Day \/ May Day"
    },
    {
        "date": "2021-05-13",
        "name": "Ascension Day"
    },
    {
        "date": "2021-06-03",
        "name": "Corpus Christi"
    },
    {
        "date": "2021-06-13",
        "name": "St Anthony's Day"
    },
    {
        "date": "2021-06-24",
        "name": "Carabobo Battle"
    },
    {
        "date": "2021-06-29",
        "name": "Saint Peter and Saint Paul"
    },
    {
        "date": "2021-07-05",
        "name": "Independence Day"
    },
    {
        "date": "2021-07-24",
        "name": "Sim\u00f3n Bol\u00edvar's Birthday"
    },
    {
        "date": "2021-08-03",
        "name": "Flag's Day"
    },
    {
        "date": "2021-08-04",
        "name": "National Guard's Day"
    },
    {
        "date": "2021-09-11",
        "name": "Our Lady of Coromoto"
    },
    {
        "date": "2021-10-12",
        "name": "Indigenous Resistance's Day"
    },
    {
        "date": "2021-11-02",
        "name": "All Souls Day"
    },
    {
        "date": "2021-11-18",
        "name": "Day of the Virgin of the Rosary of Chiquinquir\u00e1"
    },
    {
        "date": "2021-11-27",
        "name": "Aviation Day"
    },
    {
        "date": "2021-12-08",
        "name": "Feast of the Immaculate Conception"
    },
    {
        "date": "2021-12-24",
        "name": "Christmas Eve"
    },
    {
        "date": "2021-12-25",
        "name": "Christmas Day"
    },
    {
        "date": "2021-12-31",
        "name": "New Year's Eve"
    },
    {
        "date": "2022-01-01",
        "name": "New Year's Day"
    },
    {
        "date": "2022-02-28",
        "name": "Carnival \/ Shrove Monday"
    },
    {
        "date": "2022-03-01",
        "name": "Carnival \/ Shrove Tuesday"
    },
    {
        "date": "2022-04-10",
        "name": "Palm Sunday"
    },
    {
        "date": "2022-04-14",
        "name": "Maundy Thursday"
    },
    {
        "date": "2022-04-15",
        "name": "Good Friday"
    },
    {
        "date": "2022-04-17",
        "name": "Easter Sunday"
    },
    {
        "date": "2022-04-19",
        "name": "Declaration of Independence"
    },
    {
        "date": "2022-05-01",
        "name": "Labor Day \/ May Day"
    },
    {
        "date": "2022-06-13",
        "name": "St Anthony's Day"
    },
    {
        "date": "2022-06-16",
        "name": "Corpus Christi"
    },
    {
        "date": "2022-06-24",
        "name": "Carabobo Battle"
    },
    {
        "date": "2022-06-29",
        "name": "Saint Peter and Saint Paul"
    },
    {
        "date": "2022-07-05",
        "name": "Independence Day"
    },
    {
        "date": "2022-07-24",
        "name": "Sim\u00f3n Bol\u00edvar's Birthday"
    },
    {
        "date": "2022-08-03",
        "name": "Flag's Day"
    },
    {
        "date": "2022-08-04",
        "name": "National Guard's Day"
    },
    {
        "date": "2022-09-11",
        "name": "Our Lady of Coromoto"
    },
    {
        "date": "2022-10-12",
        "name": "Day of Indigenous Resistance"
    },
    {
        "date": "2022-10-26",
        "name": "Dr. Jos\u00e9 Gregorio Hern\u00e1ndez Day"
    },
    {
        "date": "2022-11-01",
        "name": "All Saints Day"
    },
    {
        "date": "2022-11-02",
        "name": "All Souls Day"
    },
    {
        "date": "2022-11-18",
        "name": "Day of the Virgin of the Rosary of Chiquinquir\u00e1"
    },
    {
        "date": "2022-11-27",
        "name": "Aviation Day"
    },
    {
        "date": "2022-12-08",
        "name": "Feast of the Immaculate Conception"
    },
    {
        "date": "2022-12-24",
        "name": "Christmas Eve"
    },
    {
        "date": "2022-12-25",
        "name": "Christmas Day"
    },
    {
        "date": "2022-12-31",
        "name": "New Year's Eve"
    },
    {
        "date": "2023-01-01",
        "name": "New Year's Day"
    },
    {
        "date": "2023-02-20",
        "name": "Carnival \/ Shrove Monday"
    },
    {
        "date": "2023-02-21",
        "name": "Carnival \/ Shrove Tuesday \/ Pancake Day"
    },
    {
        "date": "2023-04-02",
        "name": "Palm Sunday"
    },
    {
        "date": "2023-04-06",
        "name": "Maundy Thursday"
    },
    {
        "date": "2023-04-07",
        "name": "Good Friday"
    },
    {
        "date": "2023-04-09",
        "name": "Easter Sunday"
    },
    {
        "date": "2023-04-19",
        "name": "Declaration of Independence"
    },
    {
        "date": "2023-05-01",
        "name": "Labor Day \/ May Day"
    },
    {
        "date": "2023-06-13",
        "name": "St Anthony's Day"
    },
    {
        "date": "2023-06-24",
        "name": "Carabobo Battle"
    },
    {
        "date": "2023-07-05",
        "name": "Independence Day"
    },
    {
        "date": "2023-07-24",
        "name": "Sim\u00f3n Bol\u00edvar's Birthday"
    },
    {
        "date": "2023-08-03",
        "name": "Flag's Day"
    },
    {
        "date": "2023-08-04",
        "name": "National Guard's Day"
    },
    {
        "date": "2023-09-11",
        "name": "Our Lady of Coromoto"
    },
    {
        "date": "2023-10-12",
        "name": "Day of Indigenous Resistance"
    },
    {
        "date": "2023-11-01",
        "name": "All Saints Day"
    },
    {
        "date": "2023-11-02",
        "name": "All Souls Day"
    },
    {
        "date": "2023-11-27",
        "name": "Aviation Day"
    },
    {
        "date": "2023-12-24",
        "name": "Christmas Eve"
    },
    {
        "date": "2023-12-25",
        "name": "Christmas Day"
    },
    {
        "date": "2023-12-25",
        "name": "Christmas Eve observed"
    },
    {
        "date": "2023-12-31",
        "name": "New Year's Eve"
    }
]