[
    {
        "date": "2019-01-01",
        "name": "New Year's Day"
    },
    {
        "date": "2019-02-21",
        "name": "Father Lini Day"
    },
    {
        "date": "2019-03-05",
        "name": "Custom Chief's Day"
    },
    {
        "date": "2019-04-19",
        "name": "Good Friday"
    },
    {
        "date": "2019-04-22",
        "name": "Easter Monday"
    },
    {
        "date": "2019-05-01",
        "name": "Labor Day \/ May Day"
    },
    {
        "date": "2019-05-30",
        "name": "Ascension Day"
    },
    {
        "date": "2019-07-24",
        "name": "Children's Day"
    },
    {
        "date": "2019-07-30",
        "name": "Independence Day"
    },
    {
        "date": "2019-08-15",
        "name": "Assumption of Mary"
    },
    {
        "date": "2019-10-05",
        "name": "Constitution Day"
    },
    {
        "date": "2019-11-29",
        "name": "Unity Day"
    },
    {
        "date": "2019-12-25",
        "name": "Christmas Day"
    },
    {
        "date": "2019-12-26",
        "name": "Family Day"
    },
    {
        "date": "2020-01-01",
        "name": "New Year's Day"
    },
    {
        "date": "2020-02-21",
        "name": "Father Lini Day"
    },
    {
        "date": "2020-03-05",
        "name": "Custom Chief's Day"
    },
    {
        "date": "2020-04-10",
        "name": "Good Friday"
    },
    {
        "date": "2020-04-13",
        "name": "Easter Monday"
    },
    {
        "date": "2020-05-01",
        "name": "Labor Day \/ May Day"
    },
    {
        "date": "2020-05-21",
        "name": "Ascension Day"
    },
    {
        "date": "2020-07-23",
        "name": "Independence Day Anniversary"
    },
    {
        "date": "2020-07-24",
        "name": "Children's Day"
    },
    {
        "date": "2020-07-27",
        "name": "Independence Day Anniversary"
    },
    {
        "date": "2020-07-28",
        "name": "Independence Day Anniversary"
    },
    {
        "date": "2020-07-29",
        "name": "Independence Day Anniversary"
    },
    {
        "date": "2020-07-30",
        "name": "Independence Day"
    },
    {
        "date": "2020-07-31",
        "name": "Independence Day Anniversary"
    },
    {
        "date": "2020-08-15",
        "name": "Assumption of Mary"
    },
    {
        "date": "2020-10-05",
        "name": "Constitution Day"
    },
    {
        "date": "2020-11-29",
        "name": "Unity Day"
    },
    {
        "date": "2020-11-30",
        "name": "Day off for Unity Day"
    },
    {
        "date": "2020-12-25",
        "name": "Christmas Day"
    },
    {
        "date": "2020-12-26",
        "name": "Family Day"
    },
    {
        "date": "2021-01-01",
        "name": "New Year's Day"
    },
    {
        "date": "2021-02-21",
        "name": "Father Lini Day"
    },
    {
        "date": "2021-02-22",
        "name": "Day off for Father Lini Day"
    },
    {
        "date": "2021-03-05",
        "name": "Custom Chief's Day"
    },
    {
        "date": "2021-04-02",
        "name": "Good Friday"
    },
    {
        "date": "2021-04-05",
        "name": "Easter Monday"
    },
    {
        "date": "2021-05-01",
        "name": "Labor Day \/ May Day"
    },
    {
        "date": "2021-05-13",
        "name": "Ascension Day"
    },
    {
        "date": "2021-07-24",
        "name": "Children's Day"
    },
    {
        "date": "2021-07-30",
        "name": "Independence Day"
    },
    {
        "date": "2021-08-15",
        "name": "Assumption of Mary"
    },
    {
        "date": "2021-08-16",
        "name": "Day off for Assumption of Mary"
    },
    {
        "date": "2021-10-05",
        "name": "Constitution Day"
    },
    {
        "date": "2021-11-29",
        "name": "Unity Day"
    },
    {
        "date": "2021-12-25",
        "name": "Christmas Day"
    },
    {
        "date": "2021-12-26",
        "name": "Family Day"
    },
    {
        "date": "2021-12-27",
        "name": "Day off for Family Day"
    },
    {
        "date": "2022-01-01",
        "name": "New Year's Day"
    },
    {
        "date": "2022-02-21",
        "name": "Father Lini Day"
    },
    {
        "date": "2022-03-05",
        "name": "Custom Chief's Day"
    },
    {
        "date": "2022-04-15",
        "name": "Good Friday"
    },
    {
        "date": "2022-04-18",
        "name": "Easter Monday"
    },
    {
        "date": "2022-05-01",
        "name": "Labor Day \/ May Day"
    },
    {
        "date": "2022-05-02",
        "name": "Day off for Labor Day \/ May Day"
    },
    {
        "date": "2022-05-26",
        "name": "Ascension Day"
    },
    {
        "date": "2022-07-24",
        "name": "Children's Day"
    },
    {
        "date": "2022-07-25",
        "name": "Day off for Children's Day"
    },
    {
        "date": "2022-07-30",
        "name": "Independence Day"
    },
    {
        "date": "2022-08-15",
        "name": "Assumption of Mary"
    },
    {
        "date": "2022-10-05",
        "name": "Constitution Day"
    },
    {
        "date": "2022-11-29",
        "name": "Unity Day"
    },
    {
        "date": "2022-12-25",
        "name": "Christmas Day"
    },
    {
        "date": "2022-12-26",
        "name": "Family Day"
    },
    {
        "date": "2022-12-27",
        "name": "Day off for Family Day"
    },
    {
        "date": "2023-01-01",
        "name": "New Year's Day"
    },
    {
        "date": "2023-01-02",
        "name": "Day off for New Year's Day"
    },
    {
        "date": "2023-02-21",
        "name": "Father Lini Day"
    },
    {
        "date": "2023-03-05",
        "name": "Custom Chief's Day"
    },
    {
        "date": "2023-03-06",
        "name": "Day off for Custom Chief's Day"
    },
    {
        "date": "2023-04-07",
        "name": "Good Friday"
    },
    {
        "date": "2023-04-10",
        "name": "Easter Monday"
    },
    {
        "date": "2023-05-01",
        "name": "Labor Day \/ May Day"
    },
    {
        "date": "2023-05-18",
        "name": "Ascension Day"
    },
    {
        "date": "2023-07-24",
        "name": "Children's Day"
    },
    {
        "date": "2023-07-30",
        "name": "Independence Day"
    },
    {
        "date": "2023-07-31",
        "name": "Day off for Independence Day"
    },
    {
        "date": "2023-08-15",
        "name": "Assumption of Mary"
    },
    {
        "date": "2023-10-05",
        "name": "Constitution Day"
    },
    {
        "date": "2023-11-29",
        "name": "Unity Day"
    },
    {
        "date": "2023-12-25",
        "name": "Christmas Day"
    },
    {
        "date": "2023-12-26",
        "name": "Family Day"
    }
]