[
    {
        "date": "2019-01-01",
        "name": "New Year"
    },
    {
        "date": "2019-02-21",
        "name": "Robert Gabriel Mugabe National Youth Day"
    },
    {
        "date": "2019-04-18",
        "name": "Independence Day"
    },
    {
        "date": "2019-04-19",
        "name": "Good Friday"
    },
    {
        "date": "2019-04-20",
        "name": "Holy Saturday"
    },
    {
        "date": "2019-04-22",
        "name": "Easter Monday"
    },
    {
        "date": "2019-05-01",
        "name": "Workers' Day"
    },
    {
        "date": "2019-05-12",
        "name": "Mother's Day"
    },
    {
        "date": "2019-05-25",
        "name": "Africa Day"
    },
    {
        "date": "2019-06-16",
        "name": "Father's Day"
    },
    {
        "date": "2019-08-12",
        "name": "Heroes' Day"
    },
    {
        "date": "2019-08-13",
        "name": "Defence Forces Day"
    },
    {
        "date": "2019-10-25",
        "name": "SADC Solidarity Day"
    },
    {
        "date": "2019-12-22",
        "name": "Unity Day"
    },
    {
        "date": "2019-12-23",
        "name": "Unity Day observed"
    },
    {
        "date": "2019-12-25",
        "name": "Christmas Day"
    },
    {
        "date": "2019-12-26",
        "name": "Boxing Day"
    },
    {
        "date": "2020-01-01",
        "name": "New Year"
    },
    {
        "date": "2020-02-21",
        "name": "Robert Gabriel Mugabe National Youth Day"
    },
    {
        "date": "2020-04-10",
        "name": "Good Friday"
    },
    {
        "date": "2020-04-11",
        "name": "Holy Saturday"
    },
    {
        "date": "2020-04-13",
        "name": "Easter Monday"
    },
    {
        "date": "2020-04-18",
        "name": "Independence Day"
    },
    {
        "date": "2020-05-01",
        "name": "Workers' Day"
    },
    {
        "date": "2020-05-10",
        "name": "Mother's Day"
    },
    {
        "date": "2020-05-25",
        "name": "Africa Day"
    },
    {
        "date": "2020-06-21",
        "name": "Father's Day"
    },
    {
        "date": "2020-08-10",
        "name": "Heroes' Day"
    },
    {
        "date": "2020-08-11",
        "name": "Defence Forces Day"
    },
    {
        "date": "2020-12-22",
        "name": "Unity Day"
    },
    {
        "date": "2020-12-25",
        "name": "Christmas Day"
    },
    {
        "date": "2020-12-26",
        "name": "Boxing Day"
    },
    {
        "date": "2021-01-01",
        "name": "New Year"
    },
    {
        "date": "2021-02-21",
        "name": "Robert Gabriel Mugabe National Youth Day"
    },
    {
        "date": "2021-02-22",
        "name": "Robert Gabriel Mugabe National Youth Day observed"
    },
    {
        "date": "2021-04-02",
        "name": "Good Friday"
    },
    {
        "date": "2021-04-03",
        "name": "Holy Saturday"
    },
    {
        "date": "2021-04-05",
        "name": "Easter Monday"
    },
    {
        "date": "2021-04-18",
        "name": "Independence Day"
    },
    {
        "date": "2021-04-19",
        "name": "Independence Day observed"
    },
    {
        "date": "2021-05-01",
        "name": "Workers' Day"
    },
    {
        "date": "2021-05-09",
        "name": "Mother's Day"
    },
    {
        "date": "2021-05-25",
        "name": "Africa Day"
    },
    {
        "date": "2021-06-20",
        "name": "Father's Day"
    },
    {
        "date": "2021-08-09",
        "name": "Heroes' Day"
    },
    {
        "date": "2021-08-10",
        "name": "Defence Forces Day"
    },
    {
        "date": "2021-12-22",
        "name": "Unity Day"
    },
    {
        "date": "2021-12-25",
        "name": "Christmas Day"
    },
    {
        "date": "2021-12-26",
        "name": "Boxing Day"
    },
    {
        "date": "2021-12-27",
        "name": "Boxing Day observed"
    },
    {
        "date": "2022-01-01",
        "name": "New Year"
    },
    {
        "date": "2022-02-21",
        "name": "Robert Gabriel Mugabe National Youth Day"
    },
    {
        "date": "2022-04-15",
        "name": "Good Friday"
    },
    {
        "date": "2022-04-16",
        "name": "Holy Saturday"
    },
    {
        "date": "2022-04-18",
        "name": "Easter Monday"
    },
    {
        "date": "2022-04-18",
        "name": "Independence Day"
    },
    {
        "date": "2022-05-01",
        "name": "Workers' Day"
    },
    {
        "date": "2022-05-02",
        "name": "Workers' Day observed"
    },
    {
        "date": "2022-05-08",
        "name": "Mother's Day"
    },
    {
        "date": "2022-05-25",
        "name": "Africa Day"
    },
    {
        "date": "2022-06-19",
        "name": "Father's Day"
    },
    {
        "date": "2022-08-08",
        "name": "Heroes' Day"
    },
    {
        "date": "2022-08-09",
        "name": "Defence Forces Day"
    },
    {
        "date": "2022-12-22",
        "name": "Unity Day"
    },
    {
        "date": "2022-12-25",
        "name": "Christmas Day"
    },
    {
        "date": "2022-12-26",
        "name": "Boxing Day"
    },
    {
        "date": "2022-12-26",
        "name": "Christmas Day observed"
    },
    {
        "date": "2022-12-27",
        "name": "Boxing Day observed"
    },
    {
        "date": "2023-01-01",
        "name": "New Year"
    },
    {
        "date": "2023-01-02",
        "name": "New Year observed"
    },
    {
        "date": "2023-02-21",
        "name": "Robert Gabriel Mugabe National Youth Day"
    },
    {
        "date": "2023-04-07",
        "name": "Good Friday"
    },
    {
        "date": "2023-04-08",
        "name": "Holy Saturday"
    },
    {
        "date": "2023-04-10",
        "name": "Easter Monday"
    },
    {
        "date": "2023-04-18",
        "name": "Independence Day"
    },
    {
        "date": "2023-05-01",
        "name": "Workers' Day"
    },
    {
        "date": "2023-05-14",
        "name": "Mother's Day"
    },
    {
        "date": "2023-05-25",
        "name": "Africa Day"
    },
    {
        "date": "2023-06-18",
        "name": "Father's Day"
    },
    {
        "date": "2023-08-08",
        "name": "Defence Forces Day"
    },
    {
        "date": "2023-08-14",
        "name": "Heroes' Day"
    },
    {
        "date": "2023-12-22",
        "name": "Unity Day"
    },
    {
        "date": "2023-12-25",
        "name": "Christmas Day"
    },
    {
        "date": "2023-12-26",
        "name": "Boxing Day"
    }
]